{
"type": "FeatureCollection",
"name": "jatiadi",
"crs": { "type": "name", "properties": { "name": "urn:ogc:def:crs:OGC:1.3:CRS84" } },
"features": [
{ "type": "Feature", "properties": { "fid": 13079, "kk": null, "gid": 2218685, "bstt": null, "luas": 0.21855067824650101, "bsbtt": null, "idsls": "35131900070014", "kdkab": "13", "kdkec": "190", "kdsls": "0014", "nmkab": "PROBOLINGGO", "nmkec": "GENDING", "nmsls": "RT 14 RW 06 DUSUN ROWOJATI TENGAH", "bstt_k": null, "kddesa": "007", "kdprov": "35", "khusus": null, "muatan": null, "nmdesa": "JATIADI", "nmprov": "JAWA TIMUR", "posisi": null, "rw_dki": null, "segmen": null, "kdsubsls": "00", "sumber": null, "dom_sls": null, "periode": "2024_1", "tingkat": null, "idsubsls": "3513190007001400", "nm_gedung": null, "wil_campur": null, "is_konsent": null, "BTT": null, "BKU": null, "TOTAL_MUAT": null, "layer": null, "path": null, "type_layou": "1", "num_zoom": null }, "geometry": { "type": "MultiPolygon", "coordinates": [ [ [ [ 113.347688748, -7.79133029599997 ], [ 113.347688748, -7.79135356299998 ], [ 113.347672134, -7.79146247799997 ], [ 113.347629676, -7.79154739499995 ], [ 113.347601986, -7.79163784999998 ], [ 113.347577987, -7.79170430699998 ], [ 113.347546605, -7.79176891699996 ], [ 113.347476456, -7.79190921499998 ], [ 113.347452458, -7.79201997599995 ], [ 113.347411846, -7.79212889099995 ], [ 113.347380464, -7.79219903899997 ], [ 113.347343543, -7.79227287999993 ], [ 113.347326929, -7.79234856699997 ], [ 113.347295547, -7.79242609899995 ], [ 113.347267857, -7.79253501399996 ], [ 113.347245704, -7.79260331699994 ], [ 113.34721986, -7.79275838199994 ], [ 113.34718294, -7.79287468199995 ], [ 113.347142327, -7.79303528500001 ], [ 113.347151557, -7.793131278 ], [ 113.347212476, -7.79321250299997 ], [ 113.347408154, -7.79332880199997 ], [ 113.347478302, -7.79332510999996 ], [ 113.347557681, -7.79328818899996 ], [ 113.347611216, -7.79330111199994 ], [ 113.347712747, -7.79333433999995 ], [ 113.347821662, -7.79338971999994 ], [ 113.347919501, -7.79343771699997 ], [ 113.347980419, -7.793478329 ], [ 113.348056106, -7.79353370999997 ], [ 113.348088475, -7.79354030299993 ], [ 113.348095103, -7.79353809399993 ], [ 113.348116332, -7.79353163299993 ], [ 113.3481311, -7.79353163299993 ], [ 113.34815233, -7.79352886399994 ], [ 113.348158791, -7.79352701799997 ], [ 113.348175405, -7.79352517199994 ], [ 113.34817764, -7.79352467499996 ], [ 113.348189243, -7.79353840499993 ], [ 113.348255476, -7.79361677999998 ], [ 113.348256494, -7.79361859399997 ], [ 113.348314548, -7.79372200299997 ], [ 113.348360699, -7.79386968499995 ], [ 113.348382851, -7.79398229199995 ], [ 113.348388389, -7.79410228299998 ], [ 113.348410541, -7.79428873099995 ], [ 113.348407576, -7.79431481999996 ], [ 113.348392081, -7.79445117999996 ], [ 113.348366237, -7.79464316599996 ], [ 113.348362545, -7.79478900099997 ], [ 113.34833203, -7.79503151499995 ], [ 113.34832747, -7.79506774999993 ], [ 113.348297934, -7.79520066299996 ], [ 113.348216709, -7.79563632299994 ], [ 113.348187173, -7.79606829099992 ], [ 113.348242554, -7.79635626999994 ], [ 113.348345931, -7.79677716199997 ], [ 113.348497304, -7.79715374899996 ], [ 113.348619141, -7.79751187699998 ], [ 113.348720628, -7.79792416799995 ], [ 113.348703265, -7.79794153099994 ], [ 113.348717775, -7.79800827399992 ], [ 113.348772911, -7.79817368299996 ], [ 113.348775813, -7.798333288 ], [ 113.348800235, -7.79845946699993 ], [ 113.348757592, -7.79853272399994 ], [ 113.348718826, -7.79859364299995 ], [ 113.348657907, -7.79863610099994 ], [ 113.348600681, -7.798674868 ], [ 113.348567453, -7.79868409799998 ], [ 113.348512072, -7.798700712 ], [ 113.348427155, -7.79870440399997 ], [ 113.348364391, -7.79871917199997 ], [ 113.348307164, -7.79871917199997 ], [ 113.348218555, -7.79870994199998 ], [ 113.348096718, -7.79870440399997 ], [ 113.348017339, -7.79870624999997 ], [ 113.347987803, -7.79873024799998 ], [ 113.347978573, -7.79875424599994 ], [ 113.347949037, -7.79876347699997 ], [ 113.347884426, -7.79875424599994 ], [ 113.347829046, -7.79875239999997 ], [ 113.347768127, -7.79875239999997 ], [ 113.34769244, -7.79874132399995 ], [ 113.347613062, -7.798721018 ], [ 113.347577987, -7.79873024799998 ], [ 113.347559527, -7.79875978399996 ], [ 113.347537375, -7.79881147299995 ], [ 113.347522607, -7.79885946899998 ], [ 113.347487533, -7.79894623199996 ], [ 113.34747461, -7.79894992399994 ], [ 113.34741923, -7.79894992399994 ], [ 113.347339851, -7.79893515599997 ], [ 113.347258626, -7.79891669599994 ], [ 113.347142327, -7.798922234 ], [ 113.347024182, -7.79890561999997 ], [ 113.346972494, -7.79882070299994 ], [ 113.346968802, -7.798654561 ], [ 113.346961418, -7.79847734399995 ], [ 113.346954034, -7.79828535799993 ], [ 113.346968802, -7.79817828899998 ], [ 113.346998338, -7.79805275999996 ], [ 113.347024182, -7.79785338999994 ], [ 113.34696511, -7.79784969799994 ], [ 113.346839581, -7.79783492999998 ], [ 113.346673439, -7.79778693299994 ], [ 113.346614366, -7.79778324099994 ], [ 113.346558986, -7.79773893699998 ], [ 113.346562678, -7.79765771199994 ], [ 113.346570062, -7.79753587499994 ], [ 113.346588522, -7.79731066099992 ], [ 113.346573754, -7.79724051199998 ], [ 113.346496221, -7.79717036399996 ], [ 113.346518374, -7.79696730199994 ], [ 113.346496221, -7.79685654099996 ], [ 113.346522066, -7.79671255099993 ], [ 113.34652945, -7.79653902599995 ], [ 113.34652945, -7.79637288399994 ], [ 113.346514681, -7.79629165899997 ], [ 113.346455609, -7.79629904399997 ], [ 113.346370692, -7.79629535099997 ], [ 113.346226703, -7.79625843099997 ], [ 113.34609379, -7.79620674299998 ], [ 113.345971952, -7.79605906099994 ], [ 113.345824271, -7.79573046999997 ], [ 113.345765198, -7.79560124899997 ], [ 113.345691358, -7.79549787199995 ], [ 113.345503064, -7.79539080299998 ], [ 113.345414455, -7.79533911499993 ], [ 113.345303694, -7.79526896599998 ], [ 113.345255698, -7.79508805599996 ], [ 113.345288926, -7.79487391799995 ], [ 113.345288926, -7.79471516099995 ], [ 113.345281542, -7.79451948299994 ], [ 113.345281542, -7.79432011299998 ], [ 113.345270466, -7.79413551099998 ], [ 113.345189241, -7.79400998199997 ], [ 113.345185549, -7.79393983299997 ], [ 113.345037868, -7.79376630799995 ], [ 113.344989839, -7.79374170799997 ], [ 113.344952951, -7.79365739299993 ], [ 113.344916031, -7.79352817199998 ], [ 113.344923415, -7.79340633499995 ], [ 113.34504156, -7.79315527599994 ], [ 113.345174473, -7.79287468199995 ], [ 113.345292618, -7.79264577499993 ], [ 113.345336922, -7.79240948499997 ], [ 113.345366459, -7.79214365899998 ], [ 113.345514197, -7.79177739099993 ], [ 113.345543676, -7.79170430699998 ], [ 113.345602749, -7.79154924099995 ], [ 113.345724586, -7.79143847999996 ], [ 113.345831655, -7.791327719 ], [ 113.345946108, -7.79122064999996 ], [ 113.346019949, -7.79109142899995 ], [ 113.345992902, -7.79101766399997 ], [ 113.346045793, -7.79102681799997 ], [ 113.346247009, -7.79106743099994 ], [ 113.346592214, -7.79112281099998 ], [ 113.346957726, -7.79118926799993 ], [ 113.34723832, -7.79123726399998 ], [ 113.347535529, -7.79130741299997 ], [ 113.347688748, -7.79133029599997 ] ] ] ] } },
{ "type": "Feature", "properties": { "fid": 13080, "kk": null, "gid": 2218786, "bstt": null, "luas": 0.24182912892972699, "bsbtt": null, "idsls": "35131900070016", "kdkab": "13", "kdkec": "190", "kdsls": "0016", "nmkab": "PROBOLINGGO", "nmkec": "GENDING", "nmsls": "RT 16 RW 07 DUSUN ROWOJATI LOR", "bstt_k": null, "kddesa": "007", "kdprov": "35", "khusus": null, "muatan": null, "nmdesa": "JATIADI", "nmprov": "JAWA TIMUR", "posisi": null, "rw_dki": null, "segmen": null, "kdsubsls": "00", "sumber": null, "dom_sls": null, "periode": "2024_1", "tingkat": null, "idsubsls": "3513190007001600", "nm_gedung": null, "wil_campur": null, "is_konsent": null, "BTT": null, "BKU": null, "TOTAL_MUAT": null, "layer": null, "path": null, "type_layou": "1", "num_zoom": null }, "geometry": { "type": "MultiPolygon", "coordinates": [ [ [ [ 113.343605507, -7.78592009999995 ], [ 113.34361447, -7.78593653999997 ], [ 113.34364223, -7.78598742999998 ], [ 113.34366, -7.78602 ], [ 113.34382, -7.78615 ], [ 113.344023699, -7.78632592099996 ], [ 113.344045695, -7.78632340699994 ], [ 113.344041018, -7.78637485499996 ], [ 113.344041018, -7.78644315799994 ], [ 113.344041018, -7.78653545799995 ], [ 113.344050248, -7.78662222099997 ], [ 113.344050248, -7.78670344599994 ], [ 113.344050248, -7.78674221199998 ], [ 113.344070555, -7.78677728699995 ], [ 113.344114859, -7.78681051499995 ], [ 113.344199776, -7.78686589499997 ], [ 113.344260694, -7.78689912399996 ], [ 113.344393608, -7.78702465299995 ], [ 113.344469294, -7.78710956999995 ], [ 113.344522829, -7.78714464399998 ], [ 113.34459667, -7.78717417999998 ], [ 113.344664972, -7.78721110099997 ], [ 113.344759119, -7.78726648099996 ], [ 113.344834806, -7.78729417099993 ], [ 113.344934491, -7.78730524799994 ], [ 113.345006485, -7.78731632399997 ], [ 113.345056328, -7.78732001599998 ], [ 113.345126477, -7.78734216799995 ], [ 113.345200317, -7.78737539599998 ], [ 113.345276004, -7.78741970099997 ], [ 113.345366459, -7.78746769699997 ], [ 113.345414455, -7.78751569399998 ], [ 113.345443991, -7.78758214999994 ], [ 113.345460606, -7.78761537799994 ], [ 113.34544953, -7.78772429299996 ], [ 113.345405225, -7.78780367199995 ], [ 113.345357229, -7.78786459099996 ], [ 113.345329538, -7.78794027699996 ], [ 113.345300002, -7.788014118 ], [ 113.345311078, -7.78808426699994 ], [ 113.345325846, -7.78816179999998 ], [ 113.345344307, -7.78819872 ], [ 113.345480912, -7.78837409199997 ], [ 113.345562137, -7.78849592899997 ], [ 113.345623055, -7.78856423099997 ], [ 113.345669206, -7.78862699599995 ], [ 113.345774429, -7.78885959399998 ], [ 113.345837193, -7.78896666299994 ], [ 113.345881498, -7.78904419599996 ], [ 113.346005181, -7.78923064399993 ], [ 113.346097482, -7.78937463299997 ], [ 113.346115942, -7.78948170199993 ], [ 113.346104866, -7.78965891999997 ], [ 113.346019949, -7.789821369 ], [ 113.345975644, -7.79000227899997 ], [ 113.345938724, -7.79018687999996 ], [ 113.345938724, -7.79035671399993 ], [ 113.345883344, -7.79071853299996 ], [ 113.345916572, -7.79084406299995 ], [ 113.345979336, -7.790980668 ], [ 113.345992902, -7.79101766399997 ], [ 113.346019949, -7.79109142899995 ], [ 113.345946108, -7.79122064999996 ], [ 113.345831655, -7.791327719 ], [ 113.345724586, -7.79143847999996 ], [ 113.345602749, -7.79154924099995 ], [ 113.345543676, -7.79170430699998 ], [ 113.345514197, -7.79177739099993 ], [ 113.345464298, -7.79180952999998 ], [ 113.345395995, -7.79182798999996 ], [ 113.345255698, -7.79185383399995 ], [ 113.345132015, -7.79186306399992 ], [ 113.344928953, -7.79183721999994 ], [ 113.344718507, -7.79178922299996 ], [ 113.344268078, -7.79167476999992 ], [ 113.34334507, -7.79146432399996 ], [ 113.342702656, -7.79129079899998 ], [ 113.34227438, -7.79120588199994 ], [ 113.342060242, -7.79116157799997 ], [ 113.341915075, -7.79113456999996 ], [ 113.341907683, -7.79111141299995 ], [ 113.3418966, -7.79107668999996 ], [ 113.34188705, -7.79104674999997 ], [ 113.34187228, -7.79100048 ], [ 113.34177, -7.79068 ], [ 113.34168, -7.79028 ], [ 113.34165, -7.78996 ], [ 113.34177, -7.78948 ], [ 113.34183, -7.78913 ], [ 113.34184, -7.78858 ], [ 113.34181632, -7.78808868999994 ], [ 113.3418, -7.78775 ], [ 113.34182, -7.78725 ], [ 113.341812634, -7.78722474399996 ], [ 113.34181342, -7.78719723099993 ], [ 113.341817773, -7.78715950699996 ], [ 113.34181342, -7.78713048799995 ], [ 113.341810518, -7.78709276300001 ], [ 113.341797459, -7.78704923399995 ], [ 113.341788754, -7.78701150999996 ], [ 113.341781499, -7.78698974499997 ], [ 113.341772793, -7.78694766799993 ], [ 113.341755382, -7.78690704099995 ], [ 113.341743774, -7.78685480699995 ], [ 113.341726363, -7.786821435 ], [ 113.3417075, -7.78676920099997 ], [ 113.341702074, -7.78675454799998 ], [ 113.34178, -7.7867 ], [ 113.34254, -7.78638 ], [ 113.34314, -7.7861 ], [ 113.34326452, -7.78604465999997 ], [ 113.34341, -7.78598 ], [ 113.34342106, -7.78597592999996 ], [ 113.343473003, -7.785956792 ], [ 113.3436, -7.78591 ], [ 113.343605507, -7.78592009999995 ] ] ] ] } },
{ "type": "Feature", "properties": { "fid": 13081, "kk": null, "gid": 2219215, "bstt": null, "luas": 0.115874297139322, "bsbtt": null, "idsls": "35131900070004", "kdkab": "13", "kdkec": "190", "kdsls": "0004", "nmkab": "PROBOLINGGO", "nmkec": "GENDING", "nmsls": "RT 04 RW 02 DUSUN KRAJAN", "bstt_k": null, "kddesa": "007", "kdprov": "35", "khusus": null, "muatan": null, "nmdesa": "JATIADI", "nmprov": "JAWA TIMUR", "posisi": null, "rw_dki": null, "segmen": null, "kdsubsls": "00", "sumber": null, "dom_sls": null, "periode": "2024_1", "tingkat": null, "idsubsls": "3513190007000400", "nm_gedung": null, "wil_campur": null, "is_konsent": null, "BTT": null, "BKU": null, "TOTAL_MUAT": null, "layer": null, "path": null, "type_layou": "1", "num_zoom": null }, "geometry": { "type": "MultiPolygon", "coordinates": [ [ [ [ 113.353964306, -7.79329169899995 ], [ 113.353968207, -7.79335118499995 ], [ 113.353859292, -7.793445332 ], [ 113.353667306, -7.79399913699996 ], [ 113.353630386, -7.79422065899996 ], [ 113.353586081, -7.79449017699995 ], [ 113.3534384, -7.79472277599996 ], [ 113.353397707, -7.79478144899997 ], [ 113.353279642, -7.79495168199998 ], [ 113.35325749, -7.79510674699998 ], [ 113.353252548, -7.79540986399997 ], [ 113.353060659, -7.79538157299995 ], [ 113.352700685, -7.79532619199995 ], [ 113.352281639, -7.79528004199995 ], [ 113.351714912, -7.795189587 ], [ 113.351356785, -7.79513420699993 ], [ 113.351009733, -7.79510836199996 ], [ 113.350662682, -7.79505667399996 ], [ 113.350208562, -7.79495514299998 ], [ 113.349826436, -7.79489606999993 ], [ 113.349717521, -7.79486468799998 ], [ 113.349682447, -7.79474654300001 ], [ 113.349682447, -7.79468931599996 ], [ 113.349675063, -7.79460070799997 ], [ 113.349652911, -7.79453978899995 ], [ 113.349601222, -7.79450102299995 ], [ 113.349566148, -7.79448810099996 ], [ 113.349444311, -7.79446040999994 ], [ 113.34934278, -7.79444010399994 ], [ 113.34916187, -7.79440318399998 ], [ 113.349021573, -7.79437549399996 ], [ 113.348908966, -7.79435703299994 ], [ 113.348628371, -7.79434041899998 ], [ 113.348407576, -7.79431481999996 ], [ 113.348410541, -7.79428873099995 ], [ 113.348388389, -7.79410228299998 ], [ 113.348382851, -7.79398229199995 ], [ 113.348360699, -7.79386968499995 ], [ 113.348314548, -7.79372200299997 ], [ 113.348256494, -7.79361859399997 ], [ 113.348264937, -7.79362208799995 ], [ 113.348294473, -7.79364239399996 ], [ 113.348324009, -7.79366454599995 ], [ 113.348444, -7.79367192999998 ], [ 113.348571375, -7.79367192999998 ], [ 113.348611988, -7.79366454599995 ], [ 113.348648908, -7.79365346999998 ], [ 113.348724595, -7.79364608599997 ], [ 113.348763361, -7.79364239399996 ], [ 113.348798436, -7.79363500999994 ], [ 113.348855662, -7.79362947199996 ], [ 113.348909197, -7.79362762599993 ], [ 113.348949809, -7.79361655 ], [ 113.348973807, -7.79359255099997 ], [ 113.348979345, -7.79352794099998 ], [ 113.348971961, -7.79347625199994 ], [ 113.348970115, -7.79330641900001 ], [ 113.348981191, -7.79318642799996 ], [ 113.348986729, -7.79309597299996 ], [ 113.348986729, -7.79303136199997 ], [ 113.348999651, -7.79301474799996 ], [ 113.349012558, -7.79299677099993 ], [ 113.349272862, -7.79301105599996 ], [ 113.349957734, -7.79306274499994 ], [ 113.350614916, -7.79309966499994 ], [ 113.351320095, -7.79314027699998 ], [ 113.35181852, -7.79315873699994 ], [ 113.352435089, -7.79320488799994 ], [ 113.35292613, -7.79323073199993 ], [ 113.353419017, -7.79325472999995 ], [ 113.353880521, -7.79328795899994 ], [ 113.353964306, -7.79329169899995 ] ] ] ] } },
{ "type": "Feature", "properties": { "fid": 13082, "kk": null, "gid": 2219216, "bstt": null, "luas": 0.0086688769606660006, "bsbtt": null, "idsls": "35131900070021", "kdkab": "13", "kdkec": "190", "kdsls": "0021", "nmkab": "PROBOLINGGO", "nmkec": "GENDING", "nmsls": "RT 21 RW 09 DUSUN KRANDON WETAN", "bstt_k": null, "kddesa": "007", "kdprov": "35", "khusus": null, "muatan": null, "nmdesa": "JATIADI", "nmprov": "JAWA TIMUR", "posisi": null, "rw_dki": null, "segmen": null, "kdsubsls": "00", "sumber": null, "dom_sls": null, "periode": "2024_1", "tingkat": null, "idsubsls": "3513190007002100", "nm_gedung": null, "wil_campur": null, "is_konsent": null, "BTT": null, "BKU": null, "TOTAL_MUAT": null, "layer": null, "path": null, "type_layou": "1", "num_zoom": null }, "geometry": { "type": "MultiPolygon", "coordinates": [ [ [ [ 113.355882296, -7.78759530299994 ], [ 113.355767843, -7.78763222299995 ], [ 113.35565339, -7.78768391199998 ], [ 113.35550017, -7.78775405999994 ], [ 113.355413408, -7.78779098099995 ], [ 113.355350643, -7.78783528499998 ], [ 113.355321533, -7.78784948499998 ], [ 113.355315799, -7.78782790099996 ], [ 113.355273341, -7.78775959899998 ], [ 113.355223499, -7.78760822499992 ], [ 113.355214268, -7.78737378099993 ], [ 113.35517181, -7.78716148899997 ], [ 113.355160734, -7.78708210999997 ], [ 113.355147812, -7.78698057899993 ], [ 113.355147942, -7.78696367899994 ], [ 113.355149658, -7.78674059699995 ], [ 113.355155196, -7.78669813899996 ], [ 113.35515335, -7.78662060599993 ], [ 113.355136736, -7.78652461299993 ], [ 113.355133044, -7.78642677399996 ], [ 113.35517181, -7.78636031699994 ], [ 113.355174944537893, -7.786370071046368 ], [ 113.355314964909141, -7.786417225673109 ], [ 113.35532603181133, -7.786425886727 ], [ 113.355347684446059, -7.786483627086275 ], [ 113.355387621527896, -7.786550509669102 ], [ 113.355429964458011, -7.786605363010415 ], [ 113.355466533352228, -7.786651555297835 ], [ 113.355505708, -7.786675986 ], [ 113.355553705, -7.78678120899997 ], [ 113.355592471, -7.78684028199996 ], [ 113.355638622, -7.78687720199997 ], [ 113.355675542, -7.78690858499993 ], [ 113.355701386, -7.78698057899993 ], [ 113.355721692, -7.78704888199997 ], [ 113.355810301, -7.78719102499997 ], [ 113.355830607, -7.78730547799994 ], [ 113.355858298, -7.78739039499993 ], [ 113.355902602, -7.78749746399996 ], [ 113.355946238, -7.78756688399994 ], [ 113.355882296, -7.78759530299994 ] ] ] ] } },
{ "type": "Feature", "properties": { "fid": 13083, "kk": null, "gid": 2219425, "bstt": null, "luas": 0.067253043112904004, "bsbtt": null, "idsls": "35131900070013", "kdkab": "13", "kdkec": "190", "kdsls": "0013", "nmkab": "PROBOLINGGO", "nmkec": "GENDING", "nmsls": "RT 13 RW 06 DUSUN ROWOJATI TENGAH", "bstt_k": null, "kddesa": "007", "kdprov": "35", "khusus": null, "muatan": null, "nmdesa": "JATIADI", "nmprov": "JAWA TIMUR", "posisi": null, "rw_dki": null, "segmen": null, "kdsubsls": "00", "sumber": null, "dom_sls": null, "periode": "2024_1", "tingkat": null, "idsubsls": "3513190007001300", "nm_gedung": null, "wil_campur": null, "is_konsent": null, "BTT": null, "BKU": null, "TOTAL_MUAT": null, "layer": null, "path": null, "type_layou": "1", "num_zoom": null }, "geometry": { "type": "MultiPolygon", "coordinates": [ [ [ [ 113.346370692, -7.79629535099997 ], [ 113.346455609, -7.79629904399997 ], [ 113.346514681, -7.79629165899997 ], [ 113.34652945, -7.79637288399994 ], [ 113.34652945, -7.79653902599995 ], [ 113.346522066, -7.79671255099993 ], [ 113.346496221, -7.79685654099996 ], [ 113.346518374, -7.79696730199994 ], [ 113.346496221, -7.79717036399996 ], [ 113.346573754, -7.79724051199998 ], [ 113.346588522, -7.79731066099992 ], [ 113.346570062, -7.79753587499994 ], [ 113.346562678, -7.79765771199994 ], [ 113.346558986, -7.79773893699998 ], [ 113.346614366, -7.79778324099994 ], [ 113.346673439, -7.79778693299994 ], [ 113.346839581, -7.79783492999998 ], [ 113.34696511, -7.79784969799994 ], [ 113.347024182, -7.79785338999994 ], [ 113.346998338, -7.79805275999996 ], [ 113.346968802, -7.79817828899998 ], [ 113.346954034, -7.79828535799993 ], [ 113.346961418, -7.79847734399995 ], [ 113.346968802, -7.798654561 ], [ 113.346972494, -7.79882070299994 ], [ 113.347024182, -7.79890561999997 ], [ 113.347142327, -7.798922234 ], [ 113.347258626, -7.79891669599994 ], [ 113.347339851, -7.79893515599997 ], [ 113.34741923, -7.79894992399994 ], [ 113.34747461, -7.79894992399994 ], [ 113.347487533, -7.79894623199996 ], [ 113.347522607, -7.79885946899998 ], [ 113.347537375, -7.79881147299995 ], [ 113.347559527, -7.79875978399996 ], [ 113.347577987, -7.79873024799998 ], [ 113.347613062, -7.798721018 ], [ 113.34769244, -7.79874132399995 ], [ 113.347768127, -7.79875239999997 ], [ 113.347829046, -7.79875239999997 ], [ 113.347884426, -7.79875424599994 ], [ 113.347949037, -7.79876347699997 ], [ 113.347978573, -7.79875424599994 ], [ 113.347987803, -7.79873024799998 ], [ 113.348017339, -7.79870624999997 ], [ 113.348096718, -7.79870440399997 ], [ 113.348218555, -7.79870994199998 ], [ 113.348307164, -7.79871917199997 ], [ 113.348364391, -7.79871917199997 ], [ 113.348427155, -7.79870440399997 ], [ 113.348512072, -7.798700712 ], [ 113.348567453, -7.79868409799998 ], [ 113.348600681, -7.798674868 ], [ 113.348657907, -7.79863610099994 ], [ 113.348718826, -7.79859364299995 ], [ 113.348757592, -7.79853272399994 ], [ 113.348800235, -7.79845946699993 ], [ 113.348810636, -7.79851320599994 ], [ 113.348813538, -7.79859445899995 ], [ 113.348819341, -7.79864088899996 ], [ 113.348836753, -7.79872794699998 ], [ 113.34884836, -7.79880339599992 ], [ 113.34886287, -7.79890496299993 ], [ 113.348819341, -7.79922126999998 ], [ 113.348807734, -7.79936926699998 ], [ 113.348793224, -7.79944181499997 ], [ 113.348801791, -7.79954032799998 ], [ 113.348804832, -7.79957530199994 ], [ 113.348813538, -7.79971459399997 ], [ 113.348810636, -7.79981906199994 ], [ 113.348784518, -7.79984808099993 ], [ 113.348758345, -7.79984540999993 ], [ 113.348642325, -7.79983357199998 ], [ 113.348534955, -7.79979874899993 ], [ 113.348442094, -7.79977843599994 ], [ 113.348378252, -7.79975812199996 ], [ 113.34831441, -7.79974071099997 ], [ 113.348306312, -7.79974826999995 ], [ 113.348222247, -7.79972340499995 ], [ 113.348142869, -7.79971602099994 ], [ 113.348046876, -7.79971232899993 ], [ 113.347947191, -7.79972340499995 ], [ 113.347877042, -7.79975294199994 ], [ 113.347825354, -7.79978247799994 ], [ 113.347777357, -7.79980832199995 ], [ 113.347703517, -7.79984155099994 ], [ 113.347633368, -7.79984893499996 ], [ 113.347529991, -7.79984155099994 ], [ 113.34743769, -7.79980832199995 ], [ 113.347315853, -7.79977140199997 ], [ 113.347035258, -7.79967540899998 ], [ 113.346858041, -7.79963848899996 ], [ 113.346769432, -7.79960525999997 ], [ 113.346695591, -7.799564984 ], [ 113.346695591, -7.79954249599997 ], [ 113.346666055, -7.79943911899994 ], [ 113.346592214, -7.79934312599994 ], [ 113.346451917, -7.79922498099996 ], [ 113.346282083, -7.79898869099998 ], [ 113.346178706, -7.79889269799997 ], [ 113.346038409, -7.79871547999994 ], [ 113.345920264, -7.79853826199997 ], [ 113.345802119, -7.79830935599995 ], [ 113.345720894, -7.79811736999994 ], [ 113.345647053, -7.79769647899997 ], [ 113.345706126, -7.79735681099995 ], [ 113.345735662, -7.79694330399997 ], [ 113.345728278, -7.79664055699993 ], [ 113.345624901, -7.79628612099998 ], [ 113.34555106, -7.79603506299998 ], [ 113.34551414, -7.79576185199995 ], [ 113.345244622, -7.79550340999998 ], [ 113.345030484, -7.79522281499994 ], [ 113.345008331, -7.79503082999997 ], [ 113.345048944, -7.79484622799994 ], [ 113.345093248, -7.79473915899996 ], [ 113.345174473, -7.79460255399993 ], [ 113.345170781, -7.79451025299995 ], [ 113.345063712, -7.79437733999993 ], [ 113.34507848, -7.79428503899995 ], [ 113.345104324, -7.79416320199995 ], [ 113.345108016, -7.79400813599994 ], [ 113.345052636, -7.79390845099994 ], [ 113.345004639, -7.79377553799998 ], [ 113.344989839, -7.79374170799997 ], [ 113.345037868, -7.79376630799995 ], [ 113.345185549, -7.79393983299997 ], [ 113.345189241, -7.79400998199997 ], [ 113.345270466, -7.79413551099998 ], [ 113.345281542, -7.79432011299998 ], [ 113.345281542, -7.79451948299994 ], [ 113.345288926, -7.79471516099995 ], [ 113.345288926, -7.79487391799995 ], [ 113.345255698, -7.79508805599996 ], [ 113.345303694, -7.79526896599998 ], [ 113.345414455, -7.79533911499993 ], [ 113.345503064, -7.79539080299998 ], [ 113.345691358, -7.79549787199995 ], [ 113.345765198, -7.79560124899997 ], [ 113.345824271, -7.79573046999997 ], [ 113.345971952, -7.79605906099994 ], [ 113.34609379, -7.79620674299998 ], [ 113.346226703, -7.79625843099997 ], [ 113.346370692, -7.79629535099997 ] ] ] ] } },
{ "type": "Feature", "properties": { "fid": 13084, "kk": null, "gid": 2219584, "bstt": null, "luas": 0.082784594940981004, "bsbtt": null, "idsls": "35131900070003", "kdkab": "13", "kdkec": "190", "kdsls": "0003", "nmkab": "PROBOLINGGO", "nmkec": "GENDING", "nmsls": "RT 03 RW 01 DUSUN KRAJAN", "bstt_k": null, "kddesa": "007", "kdprov": "35", "khusus": null, "muatan": null, "nmdesa": "JATIADI", "nmprov": "JAWA TIMUR", "posisi": null, "rw_dki": null, "segmen": null, "kdsubsls": "00", "sumber": null, "dom_sls": null, "periode": "2024_1", "tingkat": null, "idsubsls": "3513190007000300", "nm_gedung": null, "wil_campur": null, "is_konsent": null, "BTT": null, "BKU": null, "TOTAL_MUAT": null, "layer": null, "path": null, "type_layou": "1", "num_zoom": null }, "geometry": { "type": "MultiPolygon", "coordinates": [ [ [ [ 113.353964306, -7.79329169899995 ], [ 113.353880521, -7.79328795899994 ], [ 113.353419017, -7.79325472999995 ], [ 113.35292613, -7.79323073199993 ], [ 113.352435089, -7.79320488799994 ], [ 113.35181852, -7.79315873699994 ], [ 113.351320095, -7.79314027699998 ], [ 113.350614916, -7.79309966499994 ], [ 113.349957734, -7.79306274499994 ], [ 113.349272862, -7.79301105599996 ], [ 113.349012558, -7.79299677099993 ], [ 113.34905134, -7.79294275299998 ], [ 113.349058724, -7.79287260499995 ], [ 113.349055032, -7.79281168599994 ], [ 113.349045802, -7.79274338399995 ], [ 113.34904211, -7.79270092499997 ], [ 113.349045802, -7.79267138899997 ], [ 113.349055032, -7.79263631500001 ], [ 113.349062416, -7.79258831799997 ], [ 113.349110412, -7.79257539599998 ], [ 113.349224866, -7.79258462599995 ], [ 113.349282092, -7.79258462599995 ], [ 113.349326396, -7.79259016399995 ], [ 113.349378085, -7.79258647199992 ], [ 113.349391007, -7.79257354999993 ], [ 113.349407621, -7.79252370799997 ], [ 113.349416851, -7.79246648099996 ], [ 113.34945008, -7.79243694499996 ], [ 113.349501768, -7.79243694499996 ], [ 113.349557149, -7.79243694499996 ], [ 113.349610683, -7.79244248299995 ], [ 113.349651295, -7.79244248299995 ], [ 113.349664218, -7.79241294599996 ], [ 113.349673448, -7.79237787199998 ], [ 113.3496956, -7.79233356799996 ], [ 113.349726982, -7.79229295499994 ], [ 113.349767595, -7.79227449499996 ], [ 113.349802669, -7.79225234299997 ], [ 113.349846973, -7.79220065399995 ], [ 113.349898662, -7.79214711999998 ], [ 113.349911584, -7.79213235199996 ], [ 113.349924506, -7.792093585 ], [ 113.349939274, -7.79203820499994 ], [ 113.349952196, -7.79201051499998 ], [ 113.349963272, -7.79198836299997 ], [ 113.350011269, -7.79194590399993 ], [ 113.350118338, -7.79194036599995 ], [ 113.35018664, -7.79194036599995 ], [ 113.350260481, -7.79198836299997 ], [ 113.350362012, -7.79203820499994 ], [ 113.350437699, -7.79206958699995 ], [ 113.350472773, -7.79207881699994 ], [ 113.350533692, -7.79208435499993 ], [ 113.35056692, -7.79205851099994 ], [ 113.350583534, -7.79200866899995 ], [ 113.350609378, -7.79195697999995 ], [ 113.350661067, -7.79186652499994 ], [ 113.350679527, -7.79183514299996 ], [ 113.350699833, -7.79179822299995 ], [ 113.350740446, -7.79176130199994 ], [ 113.350945354, -7.79166346299996 ], [ 113.351141031, -7.79165607899995 ], [ 113.351421626, -7.79163761899997 ], [ 113.351753909, -7.79170407599997 ], [ 113.351927435, -7.79164131100001 ], [ 113.352038196, -7.79159331499995 ], [ 113.352174801, -7.79153793399997 ], [ 113.352352019, -7.79148993799994 ], [ 113.352529236, -7.79146409399995 ], [ 113.352628921, -7.79146409399995 ], [ 113.352876288, -7.79148624599997 ], [ 113.353142114, -7.79151208999998 ], [ 113.353459629, -7.79153054999994 ], [ 113.353762376, -7.79158777699996 ], [ 113.353993455, -7.79160598299995 ], [ 113.353977437, -7.79177283999997 ], [ 113.353957131, -7.79207004899996 ], [ 113.353947901, -7.79234879699993 ], [ 113.353944209, -7.79269031099996 ], [ 113.353962669, -7.79301151799997 ], [ 113.353960823, -7.79323857799995 ], [ 113.353964306, -7.79329169899995 ] ] ] ] } },
{ "type": "Feature", "properties": { "fid": 13085, "kk": null, "gid": 2219700, "bstt": null, "luas": 0.128628661461441, "bsbtt": null, "idsls": "35131900070015", "kdkab": "13", "kdkec": "190", "kdsls": "0015", "nmkab": "PROBOLINGGO", "nmkec": "GENDING", "nmsls": "RT 15 RW 07 DUSUN ROWOJATI LOR", "bstt_k": null, "kddesa": "007", "kdprov": "35", "khusus": null, "muatan": null, "nmdesa": "JATIADI", "nmprov": "JAWA TIMUR", "posisi": null, "rw_dki": null, "segmen": null, "kdsubsls": "00", "sumber": null, "dom_sls": null, "periode": "2024_1", "tingkat": null, "idsubsls": "3513190007001500", "nm_gedung": null, "wil_campur": null, "is_konsent": null, "BTT": null, "BKU": null, "TOTAL_MUAT": null, "layer": null, "path": null, "type_layou": "1", "num_zoom": null }, "geometry": { "type": "MultiPolygon", "coordinates": [ [ [ [ 113.34594817, -7.78615416799994 ], [ 113.345979828, -7.78615036999998 ], [ 113.346030612, -7.78613585999995 ], [ 113.34607414, -7.78612860499993 ], [ 113.346145237, -7.78611554699996 ], [ 113.346167001, -7.78612425199998 ], [ 113.346181511, -7.78616342799996 ], [ 113.346203275, -7.78623452499996 ], [ 113.346204726, -7.78627079899998 ], [ 113.346216334, -7.78633609099998 ], [ 113.346220686, -7.78639993299993 ], [ 113.346230843, -7.78648698999996 ], [ 113.346217784, -7.78653632299995 ], [ 113.346209079, -7.78658275299996 ], [ 113.346225039, -7.78666690799998 ], [ 113.346241, -7.78672639699994 ], [ 113.346265666, -7.78678008299994 ], [ 113.346310645, -7.78682941499995 ], [ 113.346364331, -7.78686278699996 ], [ 113.346403506, -7.78691937399998 ], [ 113.346429623, -7.78695274599994 ], [ 113.346457192, -7.78698901999997 ], [ 113.34650072, -7.78701949 ], [ 113.346502171, -7.78702456799993 ], [ 113.346493465, -7.78704342999994 ], [ 113.346490682, -7.78705734899997 ], [ 113.346494731, -7.78705630699995 ], [ 113.346494916, -7.78705793999995 ], [ 113.34650072, -7.78711597799997 ], [ 113.346480407, -7.78717546699994 ], [ 113.346486211, -7.78722624999994 ], [ 113.346555856, -7.78722334799995 ], [ 113.346657423, -7.78720013299996 ], [ 113.346721265, -7.78719723099993 ], [ 113.346834439, -7.78717401599994 ], [ 113.34694181, -7.78715660499995 ], [ 113.347025965, -7.78713629099998 ], [ 113.347101414, -7.78713338899997 ], [ 113.347197177, -7.78712468399995 ], [ 113.347201553, -7.78712127999995 ], [ 113.347227647, -7.78712613499994 ], [ 113.347251588, -7.78712395799994 ], [ 113.347282783, -7.78711888 ], [ 113.347336468, -7.78711597799997 ], [ 113.347362586, -7.78711235099997 ], [ 113.347391605, -7.78710944899995 ], [ 113.347393617, -7.78710904599996 ], [ 113.347399785, -7.78710781299998 ], [ 113.347409016, -7.78715950699996 ], [ 113.347423526, -7.78724366199998 ], [ 113.347478662, -7.78738295299996 ], [ 113.347501877, -7.78745840299997 ], [ 113.347527994, -7.78756287099998 ], [ 113.347554111, -7.78763251699998 ], [ 113.347580868, -7.78765592899994 ], [ 113.347611216, -7.78789043499996 ], [ 113.347644444, -7.78834086299998 ], [ 113.347662904, -7.78870637499995 ], [ 113.347751513, -7.78921218299996 ], [ 113.347788433, -7.78965153499996 ], [ 113.347832738, -7.79002443099995 ], [ 113.347884426, -7.79046009099995 ], [ 113.347965651, -7.79095851599993 ], [ 113.34803903, -7.79134987099997 ], [ 113.347819816, -7.79134987099997 ], [ 113.347688748, -7.79133029599997 ], [ 113.347535529, -7.79130741299997 ], [ 113.34723832, -7.79123726399998 ], [ 113.346957726, -7.79118926799993 ], [ 113.346592214, -7.79112281099998 ], [ 113.346247009, -7.79106743099994 ], [ 113.346045793, -7.79102681799997 ], [ 113.345992902, -7.79101766399997 ], [ 113.345979336, -7.790980668 ], [ 113.345916572, -7.79084406299995 ], [ 113.345883344, -7.79071853299996 ], [ 113.345938724, -7.79035671399993 ], [ 113.345938724, -7.79018687999996 ], [ 113.345975644, -7.79000227899997 ], [ 113.346019949, -7.789821369 ], [ 113.346104866, -7.78965891999997 ], [ 113.346115942, -7.78948170199993 ], [ 113.346097482, -7.78937463299997 ], [ 113.346005181, -7.78923064399993 ], [ 113.345881498, -7.78904419599996 ], [ 113.345837193, -7.78896666299994 ], [ 113.345774429, -7.78885959399998 ], [ 113.345669206, -7.78862699599995 ], [ 113.345623055, -7.78856423099997 ], [ 113.345562137, -7.78849592899997 ], [ 113.345480912, -7.78837409199997 ], [ 113.345344307, -7.78819872 ], [ 113.345325846, -7.78816179999998 ], [ 113.345311078, -7.78808426699994 ], [ 113.345300002, -7.788014118 ], [ 113.345329538, -7.78794027699996 ], [ 113.345357229, -7.78786459099996 ], [ 113.345405225, -7.78780367199995 ], [ 113.34544953, -7.78772429299996 ], [ 113.345460606, -7.78761537799994 ], [ 113.345443991, -7.78758214999994 ], [ 113.345414455, -7.78751569399998 ], [ 113.345366459, -7.78746769699997 ], [ 113.345276004, -7.78741970099997 ], [ 113.345200317, -7.78737539599998 ], [ 113.345126477, -7.78734216799995 ], [ 113.345056328, -7.78732001599998 ], [ 113.345006485, -7.78731632399997 ], [ 113.344934491, -7.78730524799994 ], [ 113.344834806, -7.78729417099993 ], [ 113.344759119, -7.78726648099996 ], [ 113.344664972, -7.78721110099997 ], [ 113.34459667, -7.78717417999998 ], [ 113.344522829, -7.78714464399998 ], [ 113.344469294, -7.78710956999995 ], [ 113.344393608, -7.78702465299995 ], [ 113.344260694, -7.78689912399996 ], [ 113.344199776, -7.78686589499997 ], [ 113.344114859, -7.78681051499995 ], [ 113.344070555, -7.78677728699995 ], [ 113.344050248, -7.78674221199998 ], [ 113.344050248, -7.78670344599994 ], [ 113.344050248, -7.78662222099997 ], [ 113.344041018, -7.78653545799995 ], [ 113.344041018, -7.78644315799994 ], [ 113.344041018, -7.78637485499996 ], [ 113.344045695, -7.78632340699994 ], [ 113.34406167, -7.78632158199998 ], [ 113.344093591, -7.78632158199998 ], [ 113.34424449, -7.78630997399995 ], [ 113.344328645, -7.78630997399995 ], [ 113.344418604, -7.786299818 ], [ 113.344512916, -7.78628385699995 ], [ 113.344601424, -7.78627079899998 ], [ 113.344694285, -7.78625338699994 ], [ 113.344769734, -7.78623162299993 ], [ 113.344772636, -7.78619679999997 ], [ 113.344766833, -7.78616052599995 ], [ 113.344763931, -7.78612425199998 ], [ 113.344790048, -7.78610684099994 ], [ 113.344813263, -7.786093782 ], [ 113.344827773, -7.78607491999998 ], [ 113.344832125, -7.78606186099997 ], [ 113.344833576, -7.78604299899996 ], [ 113.344848086, -7.78602849 ], [ 113.344868399, -7.78601688199996 ], [ 113.344903222, -7.78601397999995 ], [ 113.344933692, -7.78601397999995 ], [ 113.34503671, -7.78602123499997 ], [ 113.345096199, -7.78603429299995 ], [ 113.345165844, -7.78605170499998 ], [ 113.345236941, -7.78606911599997 ], [ 113.34528047, -7.78605895999994 ], [ 113.345328351, -7.78604590099997 ], [ 113.345384938, -7.78604154799996 ], [ 113.345453133, -7.78605025399998 ], [ 113.345482152, -7.78607491999998 ], [ 113.345514073, -7.78610393899993 ], [ 113.34552568, -7.78610974299995 ], [ 113.345649011, -7.78609668399997 ], [ 113.345724461, -7.78610538999994 ], [ 113.345789754, -7.78612425199998 ], [ 113.345846341, -7.78614166399996 ], [ 113.345902928, -7.78615181999993 ], [ 113.345943555, -7.78615472199996 ], [ 113.34594817, -7.78615416799994 ] ] ] ] } },
{ "type": "Feature", "properties": { "fid": 13086, "kk": null, "gid": 2219897, "bstt": null, "luas": 0.037096536934056998, "bsbtt": null, "idsls": "35131900070019", "kdkab": "13", "kdkec": "190", "kdsls": "0019", "nmkab": "PROBOLINGGO", "nmkec": "GENDING", "nmsls": "RT 19 RW 09 DUSUN KRANDON WETAN", "bstt_k": null, "kddesa": "007", "kdprov": "35", "khusus": null, "muatan": null, "nmdesa": "JATIADI", "nmprov": "JAWA TIMUR", "posisi": null, "rw_dki": null, "segmen": null, "kdsubsls": "00", "sumber": null, "dom_sls": null, "periode": "2024_1", "tingkat": null, "idsubsls": "3513190007001900", "nm_gedung": null, "wil_campur": null, "is_konsent": null, "BTT": null, "BKU": null, "TOTAL_MUAT": null, "layer": null, "path": null, "type_layou": "1", "num_zoom": null }, "geometry": { "type": "MultiPolygon", "coordinates": [ [ [ [ 113.355292038, -7.78454198899993 ], [ 113.355312351, -7.78460873299997 ], [ 113.355326861, -7.78466386899994 ], [ 113.355352126, -7.78466597499995 ], [ 113.355394255, -7.78479074099994 ], [ 113.355464404, -7.78499564899994 ], [ 113.355562243, -7.78531131799997 ], [ 113.355613931, -7.78541469499993 ], [ 113.355669312, -7.78556053099993 ], [ 113.355719154, -7.78574697799998 ], [ 113.355744998, -7.78583558699995 ], [ 113.355798533, -7.78587435299994 ], [ 113.355855759, -7.78592788799995 ], [ 113.355881604, -7.78602203499998 ], [ 113.355912986, -7.78614571799994 ], [ 113.355933292, -7.78622325099996 ], [ 113.35611051, -7.78622509699994 ], [ 113.356433563, -7.78619186799995 ], [ 113.356666161, -7.78619002199998 ], [ 113.356780614, -7.78624171099994 ], [ 113.356780614, -7.78630632099994 ], [ 113.356821226, -7.78665152699995 ], [ 113.35682861, -7.78692842899995 ], [ 113.356858147, -7.78710195499998 ], [ 113.356859993, -7.78724594399995 ], [ 113.356891375, -7.78738624199996 ], [ 113.356895103, -7.78742948899998 ], [ 113.356877299, -7.78743469999997 ], [ 113.356611473, -7.78748823399996 ], [ 113.356443485, -7.78751223199992 ], [ 113.35631611, -7.78751592399995 ], [ 113.356085358, -7.78753253799993 ], [ 113.355965367, -7.78755838299998 ], [ 113.355946238, -7.78756688399994 ], [ 113.355902602, -7.78749746399996 ], [ 113.355858298, -7.78739039499993 ], [ 113.355830607, -7.78730547799994 ], [ 113.355810301, -7.78719102499997 ], [ 113.355721692, -7.78704888199997 ], [ 113.355701386, -7.78698057899993 ], [ 113.355675542, -7.78690858499993 ], [ 113.355638622, -7.78687720199997 ], [ 113.355592471, -7.78684028199996 ], [ 113.355553705, -7.78678120899997 ], [ 113.355505708, -7.786675986 ], [ 113.355466533352228, -7.786651555297835 ], [ 113.355429964458011, -7.786605363010415 ], [ 113.355387621527896, -7.786550509669102 ], [ 113.355347684446059, -7.786483627086275 ], [ 113.35532603181133, -7.786425886727 ], [ 113.355314964909141, -7.786417225673109 ], [ 113.355174944537893, -7.786370071046368 ], [ 113.35517181, -7.78636031699994 ], [ 113.355187347, -7.78634528199998 ], [ 113.355229037, -7.78630493699995 ], [ 113.355256727, -7.78625140199995 ], [ 113.355230883, -7.78612771899998 ], [ 113.35516258, -7.78603541799993 ], [ 113.355062895, -7.78596157799996 ], [ 113.354989054, -7.78586743099994 ], [ 113.35493552, -7.78578251399997 ], [ 113.354976132, -7.78569390499996 ], [ 113.355075817, -7.78566067699996 ], [ 113.355094277, -7.785579452 ], [ 113.355081355, -7.78551484199996 ], [ 113.355057357, -7.78541146499998 ], [ 113.355018591, -7.78524347699996 ], [ 113.354965056, -7.78511610199996 ], [ 113.354898599, -7.78499057299997 ], [ 113.354856141, -7.78488165799996 ], [ 113.354806299, -7.78468228799996 ], [ 113.354747226, -7.78446076599996 ], [ 113.35473615, -7.78441461499997 ], [ 113.35470846, -7.78438138699994 ], [ 113.354621697, -7.78438507899995 ], [ 113.354582931, -7.78437400299993 ], [ 113.354540472, -7.78434446699993 ], [ 113.35451832, -7.78429646999996 ], [ 113.354516474, -7.78425031999996 ], [ 113.35451832, -7.78417647899995 ], [ 113.35454601, -7.78411556099998 ], [ 113.35456447, -7.78406756399994 ], [ 113.354541035, -7.78397382199997 ], [ 113.35525, -7.78412 ], [ 113.355292645, -7.78413387299998 ], [ 113.355309283, -7.78441196799997 ], [ 113.355271725, -7.78445202999996 ], [ 113.355292038, -7.78454198899993 ] ] ] ] } },
{ "type": "Feature", "properties": { "fid": 13087, "kk": null, "gid": 2220199, "bstt": null, "luas": 0.18527194466955499, "bsbtt": null, "idsls": "35131900070007", "kdkab": "13", "kdkec": "190", "kdsls": "0007", "nmkab": "PROBOLINGGO", "nmkec": "GENDING", "nmsls": "RT 07 RW 03 DUSUN ADIBAYO", "bstt_k": null, "kddesa": "007", "kdprov": "35", "khusus": null, "muatan": null, "nmdesa": "JATIADI", "nmprov": "JAWA TIMUR", "posisi": null, "rw_dki": null, "segmen": null, "kdsubsls": "00", "sumber": null, "dom_sls": null, "periode": "2024_1", "tingkat": null, "idsubsls": "3513190007000700", "nm_gedung": null, "wil_campur": null, "is_konsent": null, "BTT": null, "BKU": null, "TOTAL_MUAT": null, "layer": null, "path": null, "type_layou": "1", "num_zoom": null }, "geometry": { "type": "MultiPolygon", "coordinates": [ [ [ [ 113.357094437, -7.79346886799994 ], [ 113.357242118, -7.79349102099997 ], [ 113.357349187, -7.79349102099997 ], [ 113.357430412, -7.79348732899996 ], [ 113.357489485, -7.79349471300001 ], [ 113.357563325, -7.79350948099995 ], [ 113.357567017, -7.79363870199997 ], [ 113.357570709, -7.79374946299992 ], [ 113.357585478, -7.79386391599996 ], [ 113.357600246, -7.793900836 ], [ 113.357615014, -7.79394144899995 ], [ 113.357633256, -7.793943476 ], [ 113.357635325, -7.79390933499997 ], [ 113.357736892, -7.79386870799993 ], [ 113.357873282, -7.79388031599998 ], [ 113.357986456, -7.79390062899996 ], [ 113.358117041, -7.79389772699996 ], [ 113.358296959, -7.79387451199996 ], [ 113.358395624, -7.79386870799993 ], [ 113.3585117, -7.79387451199996 ], [ 113.358539068, -7.79387614599995 ], [ 113.35852, -7.79389 ], [ 113.35841878, -7.79401483799996 ], [ 113.35822, -7.79426 ], [ 113.35813689, -7.79441361999995 ], [ 113.35789, -7.79487 ], [ 113.357861831, -7.79495137599997 ], [ 113.357852968, -7.79489598199997 ], [ 113.357836712, -7.79486527699993 ], [ 113.357733159, -7.79491845299998 ], [ 113.357452564, -7.79499229399994 ], [ 113.357286423, -7.79501444599993 ], [ 113.356913527, -7.79499229399994 ], [ 113.35637449, -7.79500336999997 ], [ 113.355905602, -7.79496275799995 ], [ 113.355506862, -7.79491476099997 ], [ 113.354797992, -7.79487414899996 ], [ 113.354281107, -7.79482615299997 ], [ 113.353893443, -7.79476707999993 ], [ 113.353397707, -7.79478144899997 ], [ 113.3534384, -7.79472277599996 ], [ 113.353586081, -7.79449017699995 ], [ 113.353630386, -7.79422065899996 ], [ 113.353667306, -7.79399913699996 ], [ 113.353859292, -7.793445332 ], [ 113.353968207, -7.79335118499995 ], [ 113.353964306, -7.79329169899995 ], [ 113.353960823, -7.79323857799995 ], [ 113.353962669, -7.79301151799997 ], [ 113.353944209, -7.79269031099996 ], [ 113.353947901, -7.79234879699993 ], [ 113.353957131, -7.79207004899996 ], [ 113.353977437, -7.79177283999997 ], [ 113.353993455, -7.79160598299995 ], [ 113.353999589, -7.791542088 ], [ 113.354021741, -7.79121903499993 ], [ 113.354010665, -7.79110088999995 ], [ 113.354038355, -7.79085536899994 ], [ 113.354077122, -7.79071876399996 ], [ 113.354080734, -7.79067736499998 ], [ 113.354117734, -7.79066384499993 ], [ 113.354258955, -7.79065092299995 ], [ 113.354345717, -7.79065092299995 ], [ 113.354417712, -7.79063430899995 ], [ 113.354482323, -7.79061215699996 ], [ 113.354546933, -7.79058446599993 ], [ 113.354713075, -7.79049770399996 ], [ 113.354873678, -7.79046078299996 ], [ 113.354989977, -7.79042755499995 ], [ 113.355143197, -7.79039248099998 ], [ 113.355578857, -7.79032602399997 ], [ 113.355859451, -7.79031125599994 ], [ 113.356019175, -7.79030011199997 ], [ 113.356021901, -7.79031033299998 ], [ 113.356117894, -7.79034356099993 ], [ 113.356254499, -7.790406326 ], [ 113.356372644, -7.79049493499997 ], [ 113.356453869, -7.79055031499996 ], [ 113.356549862, -7.79065738399993 ], [ 113.356627395, -7.79076076099995 ], [ 113.356616319, -7.79088259799994 ], [ 113.356664315, -7.79118534499997 ], [ 113.356597858, -7.79137363899997 ], [ 113.356608934, -7.79155454799997 ], [ 113.356634779, -7.79169853799993 ], [ 113.356741848, -7.79185360299994 ], [ 113.356900605, -7.792001285 ], [ 113.356992906, -7.79208989299998 ], [ 113.357026134, -7.79227080299995 ], [ 113.357026134, -7.79244802099993 ], [ 113.357026134, -7.79262154599998 ], [ 113.35698183, -7.79275445999997 ], [ 113.35698183, -7.79287629699997 ], [ 113.356998444, -7.79311074099998 ], [ 113.356965216, -7.79331380299993 ], [ 113.35695414, -7.79342825599998 ], [ 113.357094437, -7.79346886799994 ] ] ] ] } },
{ "type": "Feature", "properties": { "fid": 13088, "kk": null, "gid": 2220283, "bstt": null, "luas": 0.025594333713044998, "bsbtt": null, "idsls": "35131900070005", "kdkab": "13", "kdkec": "190", "kdsls": "0005", "nmkab": "PROBOLINGGO", "nmkec": "GENDING", "nmsls": "RT 05 RW 02 DUSUN KRAJAN", "bstt_k": null, "kddesa": "007", "kdprov": "35", "khusus": null, "muatan": null, "nmdesa": "JATIADI", "nmprov": "JAWA TIMUR", "posisi": null, "rw_dki": null, "segmen": null, "kdsubsls": "00", "sumber": null, "dom_sls": null, "periode": "2024_1", "tingkat": null, "idsubsls": "3513190007000500", "nm_gedung": null, "wil_campur": null, "is_konsent": null, "BTT": null, "BKU": null, "TOTAL_MUAT": null, "layer": null, "path": null, "type_layou": "1", "num_zoom": null }, "geometry": { "type": "MultiPolygon", "coordinates": [ [ [ [ 113.353252548, -7.79540986399997 ], [ 113.353267863, -7.79541212199996 ], [ 113.35324884, -7.79568115599994 ], [ 113.352770142, -7.79561624799993 ], [ 113.352090807, -7.79552763899995 ], [ 113.351647763, -7.79548333499998 ], [ 113.351027501, -7.79539472599993 ], [ 113.350093417, -7.79527288899994 ], [ 113.349403006, -7.79518427999996 ], [ 113.349113181, -7.79513812899996 ], [ 113.349019035, -7.79511043899993 ], [ 113.34891935, -7.79510859299995 ], [ 113.348878737, -7.79515289799997 ], [ 113.348832587, -7.79515843599997 ], [ 113.348749516, -7.79514735999995 ], [ 113.348684905, -7.79513166799995 ], [ 113.34866183, -7.79512797599995 ], [ 113.348616603, -7.79512059199993 ], [ 113.348581529, -7.79511043899993 ], [ 113.348563991, -7.79508828699994 ], [ 113.34852984, -7.79507997999997 ], [ 113.348455999, -7.79506059699997 ], [ 113.348396004, -7.79504121399998 ], [ 113.348351699, -7.79503198299995 ], [ 113.34833203, -7.79503151499995 ], [ 113.348362545, -7.79478900099997 ], [ 113.348366237, -7.79464316599996 ], [ 113.348392081, -7.79445117999996 ], [ 113.348407576, -7.79431481999996 ], [ 113.348628371, -7.79434041899998 ], [ 113.348908966, -7.79435703299994 ], [ 113.349021573, -7.79437549399996 ], [ 113.34916187, -7.79440318399998 ], [ 113.34934278, -7.79444010399994 ], [ 113.349444311, -7.79446040999994 ], [ 113.349566148, -7.79448810099996 ], [ 113.349601222, -7.79450102299995 ], [ 113.349652911, -7.79453978899995 ], [ 113.349675063, -7.79460070799997 ], [ 113.349682447, -7.79468931599996 ], [ 113.349682447, -7.79474654300001 ], [ 113.349717521, -7.79486468799998 ], [ 113.349826436, -7.79489606999993 ], [ 113.350208562, -7.79495514299998 ], [ 113.350662682, -7.79505667399996 ], [ 113.351009733, -7.79510836199996 ], [ 113.351356785, -7.79513420699993 ], [ 113.351714912, -7.795189587 ], [ 113.352281639, -7.79528004199995 ], [ 113.352700685, -7.79532619199995 ], [ 113.353060659, -7.79538157299995 ], [ 113.353252548, -7.79540986399997 ] ] ] ] } },
{ "type": "Feature", "properties": { "fid": 13089, "kk": null, "gid": 2220579, "bstt": null, "luas": 0.188051555943512, "bsbtt": null, "idsls": "35131900070017", "kdkab": "13", "kdkec": "190", "kdsls": "0017", "nmkab": "PROBOLINGGO", "nmkec": "GENDING", "nmsls": "RT 17 RW 08 DUSUN KRANDON WETAN", "bstt_k": null, "kddesa": "007", "kdprov": "35", "khusus": null, "muatan": null, "nmdesa": "JATIADI", "nmprov": "JAWA TIMUR", "posisi": null, "rw_dki": null, "segmen": null, "kdsubsls": "00", "sumber": null, "dom_sls": null, "periode": "2024_1", "tingkat": null, "idsubsls": "3513190007001700", "nm_gedung": null, "wil_campur": null, "is_konsent": null, "BTT": null, "BKU": null, "TOTAL_MUAT": null, "layer": null, "path": null, "type_layou": "1", "num_zoom": null }, "geometry": { "type": "MultiPolygon", "coordinates": [ [ [ [ 113.358657577, -7.78806482099998 ], [ 113.358678326, -7.78815819299996 ], [ 113.358695617, -7.788244649 ], [ 113.358716367, -7.78836914499994 ], [ 113.358764782, -7.78845905799995 ], [ 113.358813197, -7.788517848 ], [ 113.358954984, -7.78883600399996 ], [ 113.359012629, -7.78896282499995 ], [ 113.359048553, -7.78900801899994 ], [ 113.359118198, -7.78914731099997 ], [ 113.359169369, -7.78925988699995 ], [ 113.359203975, -7.78931323799997 ], [ 113.359411131, -7.78941077399997 ], [ 113.3596, -7.78954 ], [ 113.35968992, -7.78966845699996 ], [ 113.35981, -7.78984 ], [ 113.35991, -7.78998 ], [ 113.3601, -7.79005 ], [ 113.36010757, -7.79006429999993 ], [ 113.36019, -7.79022 ], [ 113.36027, -7.79036 ], [ 113.36045, -7.79042 ], [ 113.36062474, -7.79045494999997 ], [ 113.36065, -7.79046 ], [ 113.36072, -7.79051 ], [ 113.36075, -7.79074 ], [ 113.36073, -7.79094 ], [ 113.36077, -7.79103 ], [ 113.36099, -7.79105 ], [ 113.36121, -7.791 ], [ 113.36133, -7.79095 ], [ 113.36143, -7.79098 ], [ 113.3615, -7.79109 ], [ 113.36155, -7.7912 ], [ 113.36174, -7.79132 ], [ 113.36196, -7.79138 ], [ 113.36213, -7.7914 ], [ 113.36218, -7.79144 ], [ 113.36211, -7.79157 ], [ 113.36201, -7.7917 ], [ 113.362001256, -7.79173934699997 ], [ 113.361897002, -7.79153839799994 ], [ 113.361623084, -7.79137651599996 ], [ 113.361392416, -7.79128605299997 ], [ 113.360834968, -7.79120511199996 ], [ 113.360469744, -7.79119558999997 ], [ 113.359808707, -7.79124768699996 ], [ 113.359623962, -7.79126224699997 ], [ 113.359612984, -7.79132439899997 ], [ 113.359590322, -7.79145269599998 ], [ 113.35915782, -7.79272393899993 ], [ 113.358840652, -7.79335241699994 ], [ 113.358573964, -7.79385079199994 ], [ 113.358539068, -7.79387614599995 ], [ 113.3585117, -7.79387451199996 ], [ 113.358395624, -7.79386870799993 ], [ 113.358296959, -7.79387451199996 ], [ 113.358117041, -7.79389772699996 ], [ 113.357986456, -7.79390062899996 ], [ 113.357873282, -7.79388031599998 ], [ 113.357736892, -7.79386870799993 ], [ 113.357635325, -7.79390933499997 ], [ 113.357633256, -7.793943476 ], [ 113.357615014, -7.79394144899995 ], [ 113.357600246, -7.793900836 ], [ 113.357585478, -7.79386391599996 ], [ 113.357570709, -7.79374946299992 ], [ 113.357567017, -7.79363870199997 ], [ 113.357563325, -7.79350948099995 ], [ 113.357489485, -7.79349471300001 ], [ 113.357430412, -7.79348732899996 ], [ 113.357349187, -7.79349102099997 ], [ 113.357242118, -7.79349102099997 ], [ 113.357094437, -7.79346886799994 ], [ 113.35695414, -7.79342825599998 ], [ 113.356965216, -7.79331380299993 ], [ 113.356998444, -7.79311074099998 ], [ 113.35698183, -7.79287629699997 ], [ 113.35698183, -7.79275445999997 ], [ 113.357026134, -7.79262154599998 ], [ 113.357026134, -7.79244802099993 ], [ 113.357026134, -7.79227080299995 ], [ 113.356992906, -7.79208989299998 ], [ 113.356900605, -7.792001285 ], [ 113.356741848, -7.79185360299994 ], [ 113.356634779, -7.79169853799993 ], [ 113.356608934, -7.79155454799997 ], [ 113.356597858, -7.79137363899997 ], [ 113.356664315, -7.79118534499997 ], [ 113.356616319, -7.79088259799994 ], [ 113.356627395, -7.79076076099995 ], [ 113.356549862, -7.79065738399993 ], [ 113.356453869, -7.79055031499996 ], [ 113.356372644, -7.79049493499997 ], [ 113.356254499, -7.790406326 ], [ 113.356117894, -7.79034356099993 ], [ 113.356021901, -7.79031033299998 ], [ 113.356019175, -7.79030011199997 ], [ 113.355992365, -7.79019957199995 ], [ 113.356051437, -7.79011834699998 ], [ 113.356117894, -7.79009988699995 ], [ 113.356173274, -7.79009988699995 ], [ 113.356206503, -7.79007404299996 ], [ 113.356239731, -7.79004450599996 ], [ 113.356324648, -7.78997066599993 ], [ 113.35636526, -7.78995959 ], [ 113.356387412, -7.78994482099995 ], [ 113.356402181, -7.78988944099995 ], [ 113.356409565, -7.78979713999998 ], [ 113.356487097, -7.789745452 ], [ 113.356620011, -7.78977867999993 ], [ 113.356671699, -7.78982298399995 ], [ 113.356716003, -7.78985990499997 ], [ 113.356793536, -7.78990790099993 ], [ 113.356922757, -7.78988944099995 ], [ 113.357125819, -7.78980452399997 ], [ 113.357112897, -7.78972145299997 ], [ 113.357075977, -7.78955346599998 ], [ 113.357048287, -7.78934301999994 ], [ 113.357029826, -7.78922118299994 ], [ 113.356994752, -7.78907719299996 ], [ 113.3569726, -7.78892581999997 ], [ 113.356911681, -7.78880213699995 ], [ 113.356859993, -7.78870799 ], [ 113.356813842, -7.78863230299993 ], [ 113.356771916, -7.78858553999994 ], [ 113.35679792, -7.788575538 ], [ 113.356890221, -7.78856815399998 ], [ 113.357008366, -7.78856446199996 ], [ 113.357089591, -7.78856815399998 ], [ 113.357222504, -7.78856815399998 ], [ 113.357351726, -7.78856076999995 ], [ 113.357466179, -7.78856446199996 ], [ 113.3575954, -7.78856076999995 ], [ 113.357680317, -7.78852754199995 ], [ 113.357720929, -7.78847216099996 ], [ 113.357728313, -7.78840939699996 ], [ 113.357761541, -7.78833186399994 ], [ 113.357787386, -7.78825802299998 ], [ 113.35781323, -7.78819156699997 ], [ 113.357842766, -7.78813618599998 ], [ 113.357923991, -7.78809557399996 ], [ 113.357971987, -7.78809188199996 ], [ 113.358108593, -7.78808818999993 ], [ 113.358293194, -7.78811403399994 ], [ 113.358433492, -7.78812141799995 ], [ 113.358555329, -7.78812141799995 ], [ 113.358643828, -7.78810615899995 ], [ 113.358645188, -7.78809391999994 ], [ 113.35864809, -7.78798945099993 ], [ 113.358651477, -7.78795501999997 ], [ 113.358657103, -7.78805629799996 ], [ 113.358657577, -7.78806482099998 ] ] ] ] } },
{ "type": "Feature", "properties": { "fid": 13090, "kk": null, "gid": 2220844, "bstt": null, "luas": 0.20155667539810701, "bsbtt": null, "idsls": "35131900070011", "kdkab": "13", "kdkec": "190", "kdsls": "0011", "nmkab": "PROBOLINGGO", "nmkec": "GENDING", "nmsls": "RT 11 RW 05 DUSUN ROWOJATI KIDUL", "bstt_k": null, "kddesa": "007", "kdprov": "35", "khusus": null, "muatan": null, "nmdesa": "JATIADI", "nmprov": "JAWA TIMUR", "posisi": null, "rw_dki": null, "segmen": null, "kdsubsls": "00", "sumber": null, "dom_sls": null, "periode": "2024_1", "tingkat": null, "idsubsls": "3513190007001100", "nm_gedung": null, "wil_campur": null, "is_konsent": null, "BTT": null, "BKU": null, "TOTAL_MUAT": null, "layer": null, "path": null, "type_layou": "1", "num_zoom": null }, "geometry": { "type": "MultiPolygon", "coordinates": [ [ [ [ 113.346499913, -7.79968279299993 ], [ 113.346614366, -7.79971232899993 ], [ 113.346695591, -7.79963848899996 ], [ 113.346695591, -7.799564984 ], [ 113.346769432, -7.79960525999997 ], [ 113.346858041, -7.79963848899996 ], [ 113.347035258, -7.79967540899998 ], [ 113.347315853, -7.79977140199997 ], [ 113.34743769, -7.79980832199995 ], [ 113.347529991, -7.79984155099994 ], [ 113.347633368, -7.79984893499996 ], [ 113.347703517, -7.79984155099994 ], [ 113.347777357, -7.79980832199995 ], [ 113.347825354, -7.79978247799994 ], [ 113.347877042, -7.79975294199994 ], [ 113.347947191, -7.79972340499995 ], [ 113.348046876, -7.79971232899993 ], [ 113.348142869, -7.79971602099994 ], [ 113.348222247, -7.79972340499995 ], [ 113.348306312, -7.79974826999995 ], [ 113.348270881, -7.79978133799995 ], [ 113.348294097, -7.79984517999998 ], [ 113.34830329, -7.79986869799998 ], [ 113.348359676, -7.80021086499994 ], [ 113.348365193, -7.80023376299993 ], [ 113.348365193, -7.80023403499998 ], [ 113.348366644, -7.80028626899998 ], [ 113.348378252, -7.80033124799997 ], [ 113.348384374, -7.80034081399998 ], [ 113.34838, -7.80034 ], [ 113.34839, -7.80042 ], [ 113.34833, -7.80065 ], [ 113.348348718, -7.80069679599997 ], [ 113.34839, -7.8008 ], [ 113.34841, -7.8009 ], [ 113.3484, -7.80107 ], [ 113.3485, -7.80122 ], [ 113.34862, -7.8014 ], [ 113.34861, -7.80149 ], [ 113.34855, -7.80188 ], [ 113.34855, -7.80223 ], [ 113.34866, -7.80251 ], [ 113.3487, -7.80264 ], [ 113.34877, -7.8029 ], [ 113.34884, -7.80364 ], [ 113.348803571, -7.80403160799994 ], [ 113.3488, -7.80407 ], [ 113.34878, -7.80426 ], [ 113.34868, -7.80446 ], [ 113.3486, -7.80462 ], [ 113.348597837, -7.80462482399998 ], [ 113.348564699, -7.80463767399993 ], [ 113.348495054, -7.80463912499994 ], [ 113.348423957, -7.80462171299996 ], [ 113.348376076, -7.80460285099998 ], [ 113.348335449, -7.80458543999993 ], [ 113.348316586, -7.80455061699998 ], [ 113.348303528, -7.80450563699998 ], [ 113.348244039, -7.804483873 ], [ 113.348180197, -7.80448532399994 ], [ 113.348148276, -7.80450998999992 ], [ 113.348116355, -7.80454771499997 ], [ 113.34807863, -7.80459704699996 ], [ 113.348027847, -7.80462461499997 ], [ 113.347981417, -7.80463187 ], [ 113.347882752, -7.80464057599994 ], [ 113.347858086, -7.80468700599994 ], [ 113.347871144, -7.80473778899995 ], [ 113.347923379, -7.80481468999994 ], [ 113.347920477, -7.80486257099996 ], [ 113.34786534, -7.80491915799997 ], [ 113.347830518, -7.80495833399993 ], [ 113.347827616, -7.80501637199996 ], [ 113.347817157, -7.80511049800001 ], [ 113.347814557, -7.80511068399994 ], [ 113.347785538, -7.80511068399994 ], [ 113.347720245, -7.80509182199996 ], [ 113.34765205, -7.80506860699996 ], [ 113.347615777, -7.80506860699996 ], [ 113.347564993, -7.80508601799994 ], [ 113.347520014, -7.80511938999996 ], [ 113.347477936, -7.80514115399996 ], [ 113.347425702, -7.80514840899997 ], [ 113.347370566, -7.80515131099998 ], [ 113.347305273, -7.80513534999994 ], [ 113.347261744, -7.80509907699997 ], [ 113.347205157, -7.805075861 ], [ 113.347147119, -7.80506860699996 ], [ 113.34707167, -7.80505990099994 ], [ 113.347003475, -7.80505990099994 ], [ 113.34694979, -7.80506135199994 ], [ 113.346880144, -7.80506715599996 ], [ 113.346833714, -7.80504539099997 ], [ 113.346803244, -7.80501056799996 ], [ 113.34675246, -7.80490900199993 ], [ 113.346643639, -7.80485386600001 ], [ 113.346588503, -7.80482774899997 ], [ 113.346529014, -7.80480017999998 ], [ 113.346472427, -7.80476390699994 ], [ 113.346423094, -7.804731986 ], [ 113.346367958, -7.80469861399997 ], [ 113.346266391, -7.80461300799993 ], [ 113.346164825, -7.80457528299998 ], [ 113.346063258, -7.80453465599993 ], [ 113.345993612, -7.80452304899995 ], [ 113.345926869, -7.80450853899992 ], [ 113.345877536, -7.80449402999994 ], [ 113.345834008, -7.80447081399996 ], [ 113.34577597, -7.80441567799994 ], [ 113.345746951, -7.80433732699993 ], [ 113.345744049, -7.80429089599994 ], [ 113.345744049, -7.80422125099994 ], [ 113.34577597, -7.80414580099997 ], [ 113.345894948, -7.80396588299993 ], [ 113.345918163, -7.80388172799996 ], [ 113.345932672, -7.80377435699995 ], [ 113.345903653, -7.80364667399993 ], [ 113.345868831, -7.80355381299996 ], [ 113.34583691, -7.80349867699993 ], [ 113.345729539, -7.80344353999993 ], [ 113.345619267, -7.803414521 ], [ 113.345538013, -7.80338550199998 ], [ 113.345479975, -7.80332746399995 ], [ 113.345439349, -7.80326071999998 ], [ 113.34545676, -7.80315044799994 ], [ 113.345497387, -7.80304597999998 ], [ 113.345490132, -7.80297923599995 ], [ 113.345455309, -7.80292700099996 ], [ 113.345444777, -7.80292211999995 ], [ 113.345447684, -7.80287271099997 ], [ 113.345469836, -7.80273610599994 ], [ 113.34551414, -7.80259949999994 ], [ 113.345547368, -7.80249243099996 ], [ 113.345543676, -7.80242597499995 ], [ 113.345510448, -7.80237428599998 ], [ 113.345473528, -7.80235213399994 ], [ 113.345447684, -7.80225614099994 ], [ 113.34545876, -7.80218599199998 ], [ 113.345491988, -7.80207892299995 ], [ 113.34551414, -7.80197185399993 ], [ 113.345547368, -7.80185740099995 ], [ 113.345558445, -7.80173925599998 ], [ 113.345539984, -7.801646955 ], [ 113.345510448, -7.80153619399993 ], [ 113.34549568, -7.80145127799994 ], [ 113.345480912, -7.80137374499998 ], [ 113.345499372, -7.80125190799993 ], [ 113.345528908, -7.80117437499998 ], [ 113.345584289, -7.80110422599995 ], [ 113.345543676, -7.80100084899994 ], [ 113.345480912, -7.80081993999994 ], [ 113.345347999, -7.80056888099995 ], [ 113.345222469, -7.80019229399994 ], [ 113.345104324, -7.79992277499997 ], [ 113.344938183, -7.79945019499996 ], [ 113.344849574, -7.79927297699995 ], [ 113.344827422, -7.79912160399994 ], [ 113.344971411, -7.79914375599998 ], [ 113.345126477, -7.79916959999997 ], [ 113.345292618, -7.79922498099996 ], [ 113.345521524, -7.79928036099996 ], [ 113.345768891, -7.79936527799993 ], [ 113.345923956, -7.79941696699996 ], [ 113.346300543, -7.79957203199995 ], [ 113.346499913, -7.79968279299993 ] ] ] ] } },
{ "type": "Feature", "properties": { "fid": 13091, "kk": null, "gid": 2220932, "bstt": null, "luas": 0.014244547276629001, "bsbtt": null, "idsls": "35131900070022", "kdkab": "13", "kdkec": "190", "kdsls": "0022", "nmkab": "PROBOLINGGO", "nmkec": "GENDING", "nmsls": "RT 22 RW 10 DUSUN KRANDON KULON", "bstt_k": null, "kddesa": "007", "kdprov": "35", "khusus": null, "muatan": null, "nmdesa": "JATIADI", "nmprov": "JAWA TIMUR", "posisi": null, "rw_dki": null, "segmen": null, "kdsubsls": "00", "sumber": null, "dom_sls": null, "periode": "2024_1", "tingkat": null, "idsubsls": "3513190007002200", "nm_gedung": null, "wil_campur": null, "is_konsent": null, "BTT": null, "BKU": null, "TOTAL_MUAT": null, "layer": null, "path": null, "type_layou": "1", "num_zoom": null }, "geometry": { "type": "MultiPolygon", "coordinates": [ [ [ [ 113.355147942, -7.78696367899994 ], [ 113.355147812, -7.78698057899993 ], [ 113.355160734, -7.78708210999997 ], [ 113.35517181, -7.78716148899997 ], [ 113.355214268, -7.78737378099993 ], [ 113.355223499, -7.78760822499992 ], [ 113.355273341, -7.78775959899998 ], [ 113.355315799, -7.78782790099996 ], [ 113.355321533, -7.78784948499998 ], [ 113.355347182, -7.78794604599995 ], [ 113.355356412, -7.78812880199996 ], [ 113.355328721, -7.78830232799995 ], [ 113.355301031, -7.78839832099993 ], [ 113.355264111, -7.78845554699996 ], [ 113.355212422, -7.78860691999997 ], [ 113.355177348, -7.78865491699998 ], [ 113.355142274, -7.78866414699997 ], [ 113.355042589, -7.78865860899997 ], [ 113.354789684, -7.78861615099994 ], [ 113.354674148, -7.78862071099996 ], [ 113.354652156, -7.78858615299993 ], [ 113.354626312, -7.78854184799997 ], [ 113.354606006, -7.78849385199994 ], [ 113.354582008, -7.78845139399993 ], [ 113.354572777, -7.78840708899997 ], [ 113.354546933, -7.78831663399996 ], [ 113.354537703, -7.78824094799996 ], [ 113.354548779, -7.78817818299997 ], [ 113.354550625, -7.78803603999995 ], [ 113.354539549, -7.78795850699992 ], [ 113.354534011, -7.787829286 ], [ 113.354537703, -7.78772406299993 ], [ 113.354552471, -7.78762806999992 ], [ 113.354563547, -7.78755238299994 ], [ 113.354569085, -7.78749515699997 ], [ 113.354567239, -7.78744715999995 ], [ 113.354598622, -7.78733086099993 ], [ 113.354628158, -7.78724594399995 ], [ 113.35463185, -7.78717210399998 ], [ 113.35463185, -7.787105647 ], [ 113.354642926, -7.78705211199997 ], [ 113.354657694, -7.78700411599993 ], [ 113.354714921, -7.78696350399997 ], [ 113.354814606, -7.78695981199996 ], [ 113.354919829, -7.78695611999996 ], [ 113.355043512, -7.78695981199996 ], [ 113.355147942, -7.78696367899994 ] ] ] ] } },
{ "type": "Feature", "properties": { "fid": 13092, "kk": null, "gid": 2221067, "bstt": null, "luas": 0.14671459669849399, "bsbtt": null, "idsls": "35131900070010", "kdkab": "13", "kdkec": "190", "kdsls": "0010", "nmkab": "PROBOLINGGO", "nmkec": "GENDING", "nmsls": "RT 10 RW 04 DUSUN ADIBAYO", "bstt_k": null, "kddesa": "007", "kdprov": "35", "khusus": null, "muatan": null, "nmdesa": "JATIADI", "nmprov": "JAWA TIMUR", "posisi": null, "rw_dki": null, "segmen": null, "kdsubsls": "00", "sumber": null, "dom_sls": null, "periode": "2024_1", "tingkat": null, "idsubsls": "3513190007001000", "nm_gedung": null, "wil_campur": null, "is_konsent": null, "BTT": null, "BKU": null, "TOTAL_MUAT": null, "layer": null, "path": null, "type_layou": "1", "num_zoom": null }, "geometry": { "type": "MultiPolygon", "coordinates": [ [ [ [ 113.356270883, -7.79581907899996 ], [ 113.356523787, -7.79585230699996 ], [ 113.356623472, -7.79585230699996 ], [ 113.356752693, -7.79584492299995 ], [ 113.356841302, -7.79585599899997 ], [ 113.356891144, -7.79587815199994 ], [ 113.356922527, -7.79590214999996 ], [ 113.356934866, -7.795901859 ], [ 113.35696037, -7.79596306799993 ], [ 113.357032365, -7.79604244699994 ], [ 113.357082207, -7.79618089799993 ], [ 113.357119127, -7.79628796699995 ], [ 113.357144972, -7.79639318999995 ], [ 113.357161586, -7.79650025899997 ], [ 113.357170816, -7.79658702199994 ], [ 113.357189276, -7.79677346999997 ], [ 113.357192968, -7.79688238499995 ], [ 113.357209582, -7.79697099399995 ], [ 113.357231735, -7.79710759899996 ], [ 113.357257579, -7.79717959399995 ], [ 113.357257579, -7.79730696899997 ], [ 113.357246503, -7.79741219199997 ], [ 113.357255733, -7.79760602399996 ], [ 113.357277885, -7.79772786099994 ], [ 113.357307421, -7.79785338999994 ], [ 113.357322394, -7.79789664499998 ], [ 113.357369801, -7.79788639399994 ], [ 113.357468847, -7.79789613699995 ], [ 113.35743, -7.79844 ], [ 113.357419945, -7.79851038799996 ], [ 113.357367494, -7.79887753899994 ], [ 113.35658207, -7.79875565799995 ], [ 113.356404918, -7.79873955399996 ], [ 113.355862262, -7.79865830099993 ], [ 113.355165805, -7.798603165 ], [ 113.35465507, -7.79852191099997 ], [ 113.354150139, -7.79846387299995 ], [ 113.353320194, -7.79834199299995 ], [ 113.353211111, -7.79831646299994 ], [ 113.353215646, -7.79820761899998 ], [ 113.35323903, -7.79764640499997 ], [ 113.353242722, -7.79640588199994 ], [ 113.353246414, -7.79571547099994 ], [ 113.35324884, -7.79568115599994 ], [ 113.353267863, -7.79541212199996 ], [ 113.353348637, -7.79542403099992 ], [ 113.35389875, -7.79550894799997 ], [ 113.354432249, -7.79557355899994 ], [ 113.35488637, -7.79564370699995 ], [ 113.355139274, -7.79567139799998 ], [ 113.355556474, -7.79573600799994 ], [ 113.35598475, -7.79579508099994 ], [ 113.356270883, -7.79581907899996 ] ] ] ] } },
{ "type": "Feature", "properties": { "fid": 13093, "kk": null, "gid": 2221545, "bstt": null, "luas": 0.01724570956486, "bsbtt": null, "idsls": "35131900070001", "kdkab": "13", "kdkec": "190", "kdsls": "0001", "nmkab": "PROBOLINGGO", "nmkec": "GENDING", "nmsls": "RT 01 RW 01 DUSUN KRAJAN", "bstt_k": null, "kddesa": "007", "kdprov": "35", "khusus": null, "muatan": null, "nmdesa": "JATIADI", "nmprov": "JAWA TIMUR", "posisi": null, "rw_dki": null, "segmen": null, "kdsubsls": "00", "sumber": null, "dom_sls": null, "periode": "2024_1", "tingkat": null, "idsubsls": "3513190007000100", "nm_gedung": null, "wil_campur": null, "is_konsent": null, "BTT": null, "BKU": null, "TOTAL_MUAT": null, "layer": null, "path": null, "type_layou": "1", "num_zoom": null }, "geometry": { "type": "MultiPolygon", "coordinates": [ [ [ [ 113.34817764, -7.79352467499996 ], [ 113.348175405, -7.79352517199994 ], [ 113.348158791, -7.79352701799997 ], [ 113.34815233, -7.79352886399994 ], [ 113.3481311, -7.79353163299993 ], [ 113.348116332, -7.79353163299993 ], [ 113.348095103, -7.79353809399993 ], [ 113.348088475, -7.79354030299993 ], [ 113.348056106, -7.79353370999997 ], [ 113.347980419, -7.793478329 ], [ 113.347919501, -7.79343771699997 ], [ 113.347821662, -7.79338971999994 ], [ 113.347712747, -7.79333433999995 ], [ 113.347611216, -7.79330111199994 ], [ 113.347557681, -7.79328818899996 ], [ 113.347478302, -7.79332510999996 ], [ 113.347408154, -7.79332880199997 ], [ 113.347212476, -7.79321250299997 ], [ 113.347151557, -7.793131278 ], [ 113.347142327, -7.79303528500001 ], [ 113.34718294, -7.79287468199995 ], [ 113.34721986, -7.79275838199994 ], [ 113.347245704, -7.79260331699994 ], [ 113.347267857, -7.79253501399996 ], [ 113.347295547, -7.79242609899995 ], [ 113.347326929, -7.79234856699997 ], [ 113.347343543, -7.79227287999993 ], [ 113.347380464, -7.79219903899997 ], [ 113.347411846, -7.79212889099995 ], [ 113.347452458, -7.79201997599995 ], [ 113.347476456, -7.79190921499998 ], [ 113.347546605, -7.79176891699996 ], [ 113.347577987, -7.79170430699998 ], [ 113.347601986, -7.79163784999998 ], [ 113.347629676, -7.79154739499995 ], [ 113.347672134, -7.79146247799997 ], [ 113.347688748, -7.79135356299998 ], [ 113.347688748, -7.79133029599997 ], [ 113.347819816, -7.79134987099997 ], [ 113.34803903, -7.79134987099997 ], [ 113.34805426, -7.79143109599994 ], [ 113.348083796, -7.79175230299995 ], [ 113.34805426, -7.79200336099996 ], [ 113.348061644, -7.79234302899994 ], [ 113.348032108, -7.79268269599994 ], [ 113.348039492, -7.79286175899997 ], [ 113.348015493, -7.79296513599996 ], [ 113.348000725, -7.79302605499993 ], [ 113.347991495, -7.79310727999996 ], [ 113.348009955, -7.79320327299998 ], [ 113.3480358, -7.79325680699998 ], [ 113.348144715, -7.79348571299996 ], [ 113.34817764, -7.79352467499996 ] ] ] ] } },
{ "type": "Feature", "properties": { "fid": 13094, "kk": null, "gid": 2221932, "bstt": null, "luas": 0.0093614079500389993, "bsbtt": null, "idsls": "35131900070009", "kdkab": "13", "kdkec": "190", "kdsls": "0009", "nmkab": "PROBOLINGGO", "nmkec": "GENDING", "nmsls": "RT 09 RW 04 DUSUN ADIBAYO", "bstt_k": null, "kddesa": "007", "kdprov": "35", "khusus": null, "muatan": null, "nmdesa": "JATIADI", "nmprov": "JAWA TIMUR", "posisi": null, "rw_dki": null, "segmen": null, "kdsubsls": "00", "sumber": null, "dom_sls": null, "periode": "2024_1", "tingkat": null, "idsubsls": "3513190007000900", "nm_gedung": null, "wil_campur": null, "is_konsent": null, "BTT": null, "BKU": null, "TOTAL_MUAT": null, "layer": null, "path": null, "type_layou": "1", "num_zoom": null }, "geometry": { "type": "MultiPolygon", "coordinates": [ [ [ [ 113.35748, -7.79774 ], [ 113.357468847, -7.79789613699995 ], [ 113.357369801, -7.79788639399994 ], [ 113.357322394, -7.79789664499998 ], [ 113.357307421, -7.79785338999994 ], [ 113.357277885, -7.79772786099994 ], [ 113.357255733, -7.79760602399996 ], [ 113.357246503, -7.79741219199997 ], [ 113.357257579, -7.79730696899997 ], [ 113.357257579, -7.79717959399995 ], [ 113.357231735, -7.79710759899996 ], [ 113.357209582, -7.79697099399995 ], [ 113.357192968, -7.79688238499995 ], [ 113.357189276, -7.79677346999997 ], [ 113.357170816, -7.79658702199994 ], [ 113.357161586, -7.79650025899997 ], [ 113.357144972, -7.79639318999995 ], [ 113.357119127, -7.79628796699995 ], [ 113.357082207, -7.79618089799993 ], [ 113.357032365, -7.79604244699994 ], [ 113.35696037, -7.79596306799993 ], [ 113.356934866, -7.795901859 ], [ 113.357000982, -7.79590030399994 ], [ 113.357070208, -7.79589661199998 ], [ 113.357172662, -7.79588922799996 ], [ 113.357259425, -7.79588738199993 ], [ 113.357381262, -7.79588461299995 ], [ 113.357476332, -7.795873537 ], [ 113.357540833, -7.79584234899995 ], [ 113.35765, -7.79615 ], [ 113.357613846, -7.79644223699996 ], [ 113.357584765, -7.79667730399998 ], [ 113.35755261, -7.79693721999996 ], [ 113.35754702, -7.79698243999997 ], [ 113.35753, -7.79712 ], [ 113.35752992, -7.79712098999996 ], [ 113.35748, -7.79774 ] ] ] ] } },
{ "type": "Feature", "properties": { "fid": 13095, "kk": null, "gid": 2222000, "bstt": null, "luas": 0.10575381255947799, "bsbtt": null, "idsls": "35131900070002", "kdkab": "13", "kdkec": "190", "kdsls": "0002", "nmkab": "PROBOLINGGO", "nmkec": "GENDING", "nmsls": "RT 02 RW 01 DUSUN KRAJAN", "bstt_k": null, "kddesa": "007", "kdprov": "35", "khusus": null, "muatan": null, "nmdesa": "JATIADI", "nmprov": "JAWA TIMUR", "posisi": null, "rw_dki": null, "segmen": null, "kdsubsls": "00", "sumber": null, "dom_sls": null, "periode": "2024_1", "tingkat": null, "idsubsls": "3513190007000200", "nm_gedung": null, "wil_campur": null, "is_konsent": null, "BTT": null, "BKU": null, "TOTAL_MUAT": null, "layer": null, "path": null, "type_layou": "1", "num_zoom": null }, "geometry": { "type": "MultiPolygon", "coordinates": [ [ [ [ 113.34780279, -7.78768482699997 ], [ 113.347802509, -7.78769129599993 ], [ 113.347782203, -7.78772821599996 ], [ 113.347767435, -7.78776698299994 ], [ 113.347784049, -7.78783343899995 ], [ 113.347780357, -7.78787035999995 ], [ 113.347767435, -7.78792943199994 ], [ 113.347772973, -7.78796081399997 ], [ 113.347785895, -7.78799219699994 ], [ 113.347793279, -7.78803650099996 ], [ 113.347798817, -7.78809188199996 ], [ 113.347798817, -7.78814172399996 ], [ 113.347795125, -7.78818048999995 ], [ 113.347772973, -7.78825248499993 ], [ 113.347782203, -7.78840570499995 ], [ 113.347793279, -7.78847769899994 ], [ 113.347806201, -7.78852754199995 ], [ 113.347830199, -7.788562616 ], [ 113.347861582, -7.78857738399995 ], [ 113.347883734, -7.78859030599994 ], [ 113.347929884, -7.788629073 ], [ 113.347929884, -7.78866599299995 ], [ 113.347902194, -7.78869368299997 ], [ 113.347859736, -7.78870106699998 ], [ 113.347833892, -7.78871214299995 ], [ 113.347822815, -7.78874721799998 ], [ 113.347822815, -7.78880813599994 ], [ 113.347815431, -7.78902227399994 ], [ 113.347837584, -7.78910349899996 ], [ 113.347880042, -7.78916810999994 ], [ 113.347952037, -7.78919949199997 ], [ 113.348031415, -7.78921241399997 ], [ 113.34807572, -7.78921979799998 ], [ 113.348162483, -7.78919026199998 ], [ 113.348206787, -7.78914041899997 ], [ 113.348251091, -7.78910903699995 ], [ 113.348326778, -7.78909611499995 ], [ 113.348408003, -7.78908319299996 ], [ 113.348467075, -7.78908688499996 ], [ 113.348494766, -7.78913488099994 ], [ 113.348494766, -7.78918287799997 ], [ 113.348487382, -7.78933055899995 ], [ 113.348479998, -7.78946531799995 ], [ 113.348468921, -7.78957792599994 ], [ 113.348450461, -7.78966284199993 ], [ 113.348450461, -7.78972745299996 ], [ 113.348450461, -7.78977544899994 ], [ 113.348496612, -7.78987697999998 ], [ 113.348563068, -7.78988805599994 ], [ 113.348664599, -7.78989174799995 ], [ 113.348732902, -7.78988067200001 ], [ 113.348799359, -7.78986590399996 ], [ 113.348810435, -7.78985851999994 ], [ 113.348818923, -7.78985252799993 ], [ 113.348871353, -7.78985851999994 ], [ 113.348904582, -7.78986405799998 ], [ 113.348958116, -7.78987513399994 ], [ 113.348985806, -7.78994343699997 ], [ 113.349011651, -7.79000066299996 ], [ 113.349026419, -7.79007819599997 ], [ 113.349048571, -7.79016680499996 ], [ 113.349067031, -7.79022403199997 ], [ 113.349076261, -7.79027018199997 ], [ 113.349135334, -7.79034771499994 ], [ 113.349185176, -7.79035694499993 ], [ 113.349247941, -7.79038094299995 ], [ 113.349292245, -7.79041970899994 ], [ 113.349297783, -7.79046955199993 ], [ 113.349279323, -7.79053416199997 ], [ 113.349277477, -7.79062461699994 ], [ 113.349273785, -7.79069845799995 ], [ 113.349277477, -7.79075199199998 ], [ 113.349379008, -7.79089967399995 ], [ 113.349451003, -7.79092920999995 ], [ 113.349498999, -7.79097905299997 ], [ 113.349558072, -7.79108981399998 ], [ 113.349604222, -7.79116919199993 ], [ 113.349654065, -7.79122088099996 ], [ 113.349707599, -7.79126149299998 ], [ 113.349759288, -7.79130395199996 ], [ 113.349853434, -7.791353794 ], [ 113.349943889, -7.791353794 ], [ 113.349986348, -7.791340872 ], [ 113.350058342, -7.79131318199995 ], [ 113.350132183, -7.791287337 ], [ 113.350183871, -7.79126703099996 ], [ 113.350239252, -7.79123011099995 ], [ 113.350311247, -7.79119688299994 ], [ 113.350392471, -7.79117842199998 ], [ 113.350427546, -7.79116734599996 ], [ 113.350477388, -7.79114888599998 ], [ 113.350561755, -7.79113523899997 ], [ 113.350562305, -7.79114334799995 ], [ 113.350639838, -7.79127256899994 ], [ 113.350721062, -7.79129656799995 ], [ 113.350796749, -7.791311336 ], [ 113.350892742, -7.79140363699998 ], [ 113.351073652, -7.79144424899994 ], [ 113.351276714, -7.79142209699996 ], [ 113.351417011, -7.79138886799997 ], [ 113.351501928, -7.791366716 ], [ 113.351612689, -7.79132979599995 ], [ 113.35174191, -7.79127441499997 ], [ 113.351944972, -7.79114888599998 ], [ 113.352026197, -7.79108981399998 ], [ 113.352107421, -7.79100489699994 ], [ 113.352192338, -7.79093843999994 ], [ 113.352299407, -7.79084983099994 ], [ 113.3523954, -7.79075753099994 ], [ 113.352412477, -7.79074869799996 ], [ 113.352502469, -7.79070214999996 ], [ 113.352561542, -7.79067999799997 ], [ 113.352705531, -7.79066153799994 ], [ 113.352710146, -7.79066207399995 ], [ 113.352864288, -7.79067999799997 ], [ 113.352908593, -7.79070584199997 ], [ 113.353078426, -7.79082398699995 ], [ 113.353296257, -7.79085352299995 ], [ 113.353455014, -7.79085352299995 ], [ 113.353606387, -7.79079814299996 ], [ 113.353742993, -7.79073537799997 ], [ 113.353875906, -7.79070953399997 ], [ 113.354060508, -7.79067261399996 ], [ 113.354081446, -7.79066920499998 ], [ 113.354080734, -7.79067736499998 ], [ 113.354077122, -7.79071876399996 ], [ 113.354038355, -7.79085536899994 ], [ 113.354010665, -7.79110088999995 ], [ 113.354021741, -7.79121903499993 ], [ 113.353999589, -7.791542088 ], [ 113.353993455, -7.79160598299995 ], [ 113.353762376, -7.79158777699996 ], [ 113.353459629, -7.79153054999994 ], [ 113.353142114, -7.79151208999998 ], [ 113.352876288, -7.79148624599997 ], [ 113.352628921, -7.79146409399995 ], [ 113.352529236, -7.79146409399995 ], [ 113.352352019, -7.79148993799994 ], [ 113.352174801, -7.79153793399997 ], [ 113.352038196, -7.79159331499995 ], [ 113.351927435, -7.79164131100001 ], [ 113.351753909, -7.79170407599997 ], [ 113.351421626, -7.79163761899997 ], [ 113.351141031, -7.79165607899995 ], [ 113.350945354, -7.79166346299996 ], [ 113.350740446, -7.79176130199994 ], [ 113.350699833, -7.79179822299995 ], [ 113.350679527, -7.79183514299996 ], [ 113.350661067, -7.79186652499994 ], [ 113.350609378, -7.79195697999995 ], [ 113.350583534, -7.79200866899995 ], [ 113.35056692, -7.79205851099994 ], [ 113.350533692, -7.79208435499993 ], [ 113.350472773, -7.79207881699994 ], [ 113.350437699, -7.79206958699995 ], [ 113.350362012, -7.79203820499994 ], [ 113.350260481, -7.79198836299997 ], [ 113.35018664, -7.79194036599995 ], [ 113.350118338, -7.79194036599995 ], [ 113.350011269, -7.79194590399993 ], [ 113.349963272, -7.79198836299997 ], [ 113.349952196, -7.79201051499998 ], [ 113.349939274, -7.79203820499994 ], [ 113.349924506, -7.792093585 ], [ 113.349911584, -7.79213235199996 ], [ 113.349898662, -7.79214711999998 ], [ 113.349846973, -7.79220065399995 ], [ 113.349802669, -7.79225234299997 ], [ 113.349767595, -7.79227449499996 ], [ 113.349726982, -7.79229295499994 ], [ 113.3496956, -7.79233356799996 ], [ 113.349673448, -7.79237787199998 ], [ 113.349664218, -7.79241294599996 ], [ 113.349651295, -7.79244248299995 ], [ 113.349610683, -7.79244248299995 ], [ 113.349557149, -7.79243694499996 ], [ 113.349501768, -7.79243694499996 ], [ 113.34945008, -7.79243694499996 ], [ 113.349416851, -7.79246648099996 ], [ 113.349407621, -7.79252370799997 ], [ 113.349391007, -7.79257354999993 ], [ 113.349378085, -7.79258647199992 ], [ 113.349326396, -7.79259016399995 ], [ 113.349282092, -7.79258462599995 ], [ 113.349224866, -7.79258462599995 ], [ 113.349110412, -7.79257539599998 ], [ 113.349062416, -7.79258831799997 ], [ 113.349055032, -7.79263631500001 ], [ 113.349045802, -7.79267138899997 ], [ 113.34904211, -7.79270092499997 ], [ 113.349045802, -7.79274338399995 ], [ 113.349055032, -7.79281168599994 ], [ 113.349058724, -7.79287260499995 ], [ 113.34905134, -7.79294275299998 ], [ 113.349012558, -7.79299677099993 ], [ 113.348999651, -7.79301474799996 ], [ 113.348986729, -7.79303136199997 ], [ 113.348986729, -7.79309597299996 ], [ 113.348981191, -7.79318642799996 ], [ 113.348970115, -7.79330641900001 ], [ 113.348971961, -7.79347625199994 ], [ 113.348979345, -7.79352794099998 ], [ 113.348973807, -7.79359255099997 ], [ 113.348949809, -7.79361655 ], [ 113.348909197, -7.79362762599993 ], [ 113.348855662, -7.79362947199996 ], [ 113.348798436, -7.79363500999994 ], [ 113.348763361, -7.79364239399996 ], [ 113.348724595, -7.79364608599997 ], [ 113.348648908, -7.79365346999998 ], [ 113.348611988, -7.79366454599995 ], [ 113.348571375, -7.79367192999998 ], [ 113.348444, -7.79367192999998 ], [ 113.348324009, -7.79366454599995 ], [ 113.348294473, -7.79364239399996 ], [ 113.348264937, -7.79362208799995 ], [ 113.348256494, -7.79361859399997 ], [ 113.348255476, -7.79361677999998 ], [ 113.348189243, -7.79353840499993 ], [ 113.34817764, -7.79352467499996 ], [ 113.348144715, -7.79348571299996 ], [ 113.3480358, -7.79325680699998 ], [ 113.348009955, -7.79320327299998 ], [ 113.347991495, -7.79310727999996 ], [ 113.348000725, -7.79302605499993 ], [ 113.348015493, -7.79296513599996 ], [ 113.348039492, -7.79286175899997 ], [ 113.348032108, -7.79268269599994 ], [ 113.348061644, -7.79234302899994 ], [ 113.34805426, -7.79200336099996 ], [ 113.348083796, -7.79175230299995 ], [ 113.34805426, -7.79143109599994 ], [ 113.34803903, -7.79134987099997 ], [ 113.347965651, -7.79095851599993 ], [ 113.347884426, -7.79046009099995 ], [ 113.347832738, -7.79002443099995 ], [ 113.347788433, -7.78965153499996 ], [ 113.347751513, -7.78921218299996 ], [ 113.347662904, -7.78870637499995 ], [ 113.347644444, -7.78834086299998 ], [ 113.347611216, -7.78789043499996 ], [ 113.347580868, -7.78765592899994 ], [ 113.347600542, -7.78767314399996 ], [ 113.347702108, -7.78769345699994 ], [ 113.34780279, -7.78768482699997 ] ] ] ] } },
{ "type": "Feature", "properties": { "fid": 13096, "kk": null, "gid": 2222576, "bstt": null, "luas": 0.095344901631759002, "bsbtt": null, "idsls": "35131900070024", "kdkab": "13", "kdkec": "190", "kdsls": "0024", "nmkab": "PROBOLINGGO", "nmkec": "GENDING", "nmsls": "RT 24 RW 11 DUSUN KRANDON KULON", "bstt_k": null, "kddesa": "007", "kdprov": "35", "khusus": null, "muatan": null, "nmdesa": "JATIADI", "nmprov": "JAWA TIMUR", "posisi": null, "rw_dki": null, "segmen": null, "kdsubsls": "00", "sumber": null, "dom_sls": null, "periode": "2024_1", "tingkat": null, "idsubsls": "3513190007002400", "nm_gedung": null, "wil_campur": null, "is_konsent": null, "BTT": null, "BKU": null, "TOTAL_MUAT": null, "layer": null, "path": null, "type_layou": "1", "num_zoom": null }, "geometry": { "type": "MultiPolygon", "coordinates": [ [ [ [ 113.352017231, -7.78356122999998 ], [ 113.352143472, -7.78357855699996 ], [ 113.352211452, -7.78357020899995 ], [ 113.352208029, -7.78415201899998 ], [ 113.352178493, -7.78473905299996 ], [ 113.352182185, -7.78485719799996 ], [ 113.352241258, -7.78487011999994 ], [ 113.352307714, -7.78487381199996 ], [ 113.352394477, -7.78489227199997 ], [ 113.352473856, -7.78491627099994 ], [ 113.352525544, -7.78493288499994 ], [ 113.352593847, -7.78494026899995 ], [ 113.352667688, -7.78493657699995 ], [ 113.352747066, -7.78493657699995 ], [ 113.352857827, -7.78495134499997 ], [ 113.352900286, -7.78497718899996 ], [ 113.352948282, -7.78501595499995 ], [ 113.352931668, -7.78523193899997 ], [ 113.352927976, -7.78571190400001 ], [ 113.352892902, -7.78624540299995 ], [ 113.352985203, -7.78628416899996 ], [ 113.352996279, -7.78644292699994 ], [ 113.35294459, -7.78693765899994 ], [ 113.352911362, -7.78712964499995 ], [ 113.352903978, -7.78750623299993 ], [ 113.352922438, -7.78763176199993 ], [ 113.352933514, -7.78775359899993 ], [ 113.352922438, -7.78782374799994 ], [ 113.352892902, -7.787875436 ], [ 113.352852289, -7.78792343299994 ], [ 113.352807985, -7.78797512099994 ], [ 113.352785833, -7.78803050199997 ], [ 113.352774757, -7.78810434199995 ], [ 113.352796909, -7.78814864699997 ], [ 113.352815369, -7.78820033499996 ], [ 113.352807985, -7.78831847999993 ], [ 113.352776603, -7.78837386099997 ], [ 113.352761835, -7.78854184799997 ], [ 113.352752604, -7.78888151599995 ], [ 113.352748912, -7.78925994899993 ], [ 113.352734144, -7.78973068299996 ], [ 113.352724914, -7.79032510099997 ], [ 113.352710146, -7.79060569599994 ], [ 113.352710146, -7.79066207399995 ], [ 113.352705531, -7.79066153799994 ], [ 113.352561542, -7.79067999799997 ], [ 113.352502469, -7.79070214999996 ], [ 113.352412477, -7.79074869799996 ], [ 113.352414783, -7.79060569599994 ], [ 113.352420321, -7.79026048999998 ], [ 113.352427705, -7.78982667599996 ], [ 113.352457242, -7.78935224999998 ], [ 113.352446166, -7.78930609899994 ], [ 113.352466472, -7.78917503199995 ], [ 113.352473856, -7.78897012399995 ], [ 113.352492316, -7.78854738599995 ], [ 113.352477548, -7.78846431599995 ], [ 113.352475702, -7.78840155099994 ], [ 113.352448012, -7.78838309099998 ], [ 113.352418475, -7.78837939899995 ], [ 113.352357557, -7.78837939899995 ], [ 113.352270794, -7.78837755299998 ], [ 113.352169263, -7.78837201499995 ], [ 113.352014198, -7.78836647699995 ], [ 113.35185544, -7.78836278499995 ], [ 113.351803752, -7.78836278499995 ], [ 113.351687453, -7.78835170899993 ], [ 113.351620996, -7.78829632799995 ], [ 113.351477007, -7.78814680099993 ], [ 113.351445624, -7.78810618799997 ], [ 113.35140132, -7.78803419399998 ], [ 113.351377322, -7.78797696699997 ], [ 113.351371784, -7.78791974099995 ], [ 113.351381014, -7.78787358999997 ], [ 113.351397628, -7.78779790299996 ], [ 113.35140132, -7.78764652999997 ], [ 113.351416088, -7.78756161299998 ], [ 113.351497313, -7.78735855099997 ], [ 113.351536079, -7.78697642599998 ], [ 113.351545309, -7.78679182399997 ], [ 113.351547155, -7.78676413399996 ], [ 113.351550847, -7.78669398499995 ], [ 113.351560077, -7.78661460599995 ], [ 113.351560077, -7.78648538499993 ], [ 113.351561923, -7.78642446699996 ], [ 113.351578537, -7.78636354799994 ], [ 113.351585922, -7.78627678499994 ], [ 113.35158223, -7.78621955899998 ], [ 113.351565615, -7.78616233199995 ], [ 113.35152082184311, -7.786118058436659 ], [ 113.351522746521752, -7.786035297255044 ], [ 113.35152082184311, -7.785992954324914 ], [ 113.351522746521752, -7.785940988001575 ], [ 113.351521784182438, -7.785907306125336 ], [ 113.35152082184311, -7.785861113837923 ], [ 113.351505424413972, -7.7858418670515 ], [ 113.351474629555696, -7.785838980033537 ], [ 113.351452495751317, -7.785830318979646 ], [ 113.35145730744793, -7.78578990072816 ], [ 113.351423625571684, -7.785741783762104 ], [ 113.351382244980883, -7.785722536975682 ], [ 113.351355299479891, -7.785707139546544 ], [ 113.351313918889076, -7.785702327849939 ], [ 113.35129370976334, -7.785690779778085 ], [ 113.351239154, -7.78566854799994 ], [ 113.351272901, -7.78562730099997 ], [ 113.351354154, -7.78551122499994 ], [ 113.351371566, -7.78543577599993 ], [ 113.351371566, -7.78534871899996 ], [ 113.351371566, -7.78525585799997 ], [ 113.351348351, -7.78519781999995 ], [ 113.351320382, -7.78514498999996 ], [ 113.351296116, -7.78509915499997 ], [ 113.351272901, -7.78502950899997 ], [ 113.351307724, -7.78495986299993 ], [ 113.351325135, -7.78486119899997 ], [ 113.351267097, -7.78476253399998 ], [ 113.351168433, -7.78469869199995 ], [ 113.351063964, -7.78468708399993 ], [ 113.350947888, -7.78462904599996 ], [ 113.350796989, -7.784582616 ], [ 113.350744755, -7.78457100799996 ], [ 113.350651894, -7.78452457799995 ], [ 113.350620207, -7.784514572 ], [ 113.35062, -7.78451 ], [ 113.35058, -7.78439 ], [ 113.35049, -7.78419 ], [ 113.350331034, -7.78397927799995 ], [ 113.350306197, -7.78394635399997 ], [ 113.350327595, -7.78394694899993 ], [ 113.350431341, -7.78392274099997 ], [ 113.350547873, -7.78388611699996 ], [ 113.35055535, -7.78388290499995 ], [ 113.350849786, -7.783704873 ], [ 113.350944551, -7.78366967499994 ], [ 113.351007329, -7.78366519099996 ], [ 113.35108, -7.78366 ], [ 113.351087618, -7.78366 ], [ 113.35126, -7.78366 ], [ 113.35179259, -7.78359052999997 ], [ 113.352017231, -7.78356122999998 ] ] ] ] } },
{ "type": "Feature", "properties": { "fid": 13097, "kk": null, "gid": 2222926, "bstt": null, "luas": 0.16380132513582901, "bsbtt": null, "idsls": "35131900070023", "kdkab": "13", "kdkec": "190", "kdsls": "0023", "nmkab": "PROBOLINGGO", "nmkec": "GENDING", "nmsls": "RT 23 RW 10 DUSUN KRANDON KULON", "bstt_k": null, "kddesa": "007", "kdprov": "35", "khusus": null, "muatan": null, "nmdesa": "JATIADI", "nmprov": "JAWA TIMUR", "posisi": null, "rw_dki": null, "segmen": null, "kdsubsls": "00", "sumber": null, "dom_sls": null, "periode": "2024_1", "tingkat": null, "idsubsls": "3513190007002300", "nm_gedung": null, "wil_campur": null, "is_konsent": null, "BTT": null, "BKU": null, "TOTAL_MUAT": null, "layer": null, "path": null, "type_layou": "1", "num_zoom": null }, "geometry": { "type": "MultiPolygon", "coordinates": [ [ [ [ 113.354582931, -7.78437400299993 ], [ 113.354621697, -7.78438507899995 ], [ 113.35470846, -7.78438138699994 ], [ 113.35473615, -7.78441461499997 ], [ 113.354747226, -7.78446076599996 ], [ 113.354806299, -7.78468228799996 ], [ 113.354856141, -7.78488165799996 ], [ 113.354898599, -7.78499057299997 ], [ 113.354965056, -7.78511610199996 ], [ 113.355018591, -7.78524347699996 ], [ 113.355057357, -7.78541146499998 ], [ 113.355081355, -7.78551484199996 ], [ 113.355094277, -7.785579452 ], [ 113.355075817, -7.78566067699996 ], [ 113.354976132, -7.78569390499996 ], [ 113.35493552, -7.78578251399997 ], [ 113.354989054, -7.78586743099994 ], [ 113.355062895, -7.78596157799996 ], [ 113.35516258, -7.78603541799993 ], [ 113.355230883, -7.78612771899998 ], [ 113.355256727, -7.78625140199995 ], [ 113.355229037, -7.78630493699995 ], [ 113.355187347, -7.78634528199998 ], [ 113.35517181, -7.78636031699994 ], [ 113.355133044, -7.78642677399996 ], [ 113.355136736, -7.78652461299993 ], [ 113.35515335, -7.78662060599993 ], [ 113.355155196, -7.78669813899996 ], [ 113.355149658, -7.78674059699995 ], [ 113.355147942, -7.78696367899994 ], [ 113.355043512, -7.78695981199996 ], [ 113.354919829, -7.78695611999996 ], [ 113.354814606, -7.78695981199996 ], [ 113.354714921, -7.78696350399997 ], [ 113.354657694, -7.78700411599993 ], [ 113.354642926, -7.78705211199997 ], [ 113.35463185, -7.787105647 ], [ 113.35463185, -7.78717210399998 ], [ 113.354628158, -7.78724594399995 ], [ 113.354598622, -7.78733086099993 ], [ 113.354567239, -7.78744715999995 ], [ 113.354569085, -7.78749515699997 ], [ 113.354563547, -7.78755238299994 ], [ 113.354552471, -7.78762806999992 ], [ 113.354537703, -7.78772406299993 ], [ 113.354534011, -7.787829286 ], [ 113.354539549, -7.78795850699992 ], [ 113.354550625, -7.78803603999995 ], [ 113.354548779, -7.78817818299997 ], [ 113.354537703, -7.78824094799996 ], [ 113.354546933, -7.78831663399996 ], [ 113.354572777, -7.78840708899997 ], [ 113.354582008, -7.78845139399993 ], [ 113.354606006, -7.78849385199994 ], [ 113.354626312, -7.78854184799997 ], [ 113.354652156, -7.78858615299993 ], [ 113.354674148, -7.78862071099996 ], [ 113.354649387, -7.78862168899996 ], [ 113.354501706, -7.78858661399994 ], [ 113.354407559, -7.78856630799993 ], [ 113.354331872, -7.78856076999995 ], [ 113.354261724, -7.78855338599993 ], [ 113.354180499, -7.78858292199993 ], [ 113.354158347, -7.78861615099994 ], [ 113.354156501, -7.78869183699994 ], [ 113.354163885, -7.78881551999997 ], [ 113.354154655, -7.78897981599994 ], [ 113.35414727, -7.78907211699993 ], [ 113.354115888, -7.78960746199996 ], [ 113.354117734, -7.79018895699994 ], [ 113.35410112, -7.79044370799994 ], [ 113.354081446, -7.79066920499998 ], [ 113.354060508, -7.79067261399996 ], [ 113.353875906, -7.79070953399997 ], [ 113.353742993, -7.79073537799997 ], [ 113.353606387, -7.79079814299996 ], [ 113.353455014, -7.79085352299995 ], [ 113.353296257, -7.79085352299995 ], [ 113.353078426, -7.79082398699995 ], [ 113.352908593, -7.79070584199997 ], [ 113.352864288, -7.79067999799997 ], [ 113.352710146, -7.79066207399995 ], [ 113.352710146, -7.79060569599994 ], [ 113.352724914, -7.79032510099997 ], [ 113.352734144, -7.78973068299996 ], [ 113.352748912, -7.78925994899993 ], [ 113.352752604, -7.78888151599995 ], [ 113.352761835, -7.78854184799997 ], [ 113.352776603, -7.78837386099997 ], [ 113.352807985, -7.78831847999993 ], [ 113.352815369, -7.78820033499996 ], [ 113.352796909, -7.78814864699997 ], [ 113.352774757, -7.78810434199995 ], [ 113.352785833, -7.78803050199997 ], [ 113.352807985, -7.78797512099994 ], [ 113.352852289, -7.78792343299994 ], [ 113.352892902, -7.787875436 ], [ 113.352922438, -7.78782374799994 ], [ 113.352933514, -7.78775359899993 ], [ 113.352922438, -7.78763176199993 ], [ 113.352903978, -7.78750623299993 ], [ 113.352911362, -7.78712964499995 ], [ 113.35294459, -7.78693765899994 ], [ 113.352996279, -7.78644292699994 ], [ 113.352985203, -7.78628416899996 ], [ 113.352892902, -7.78624540299995 ], [ 113.352927976, -7.78571190400001 ], [ 113.352931668, -7.78523193899997 ], [ 113.352948282, -7.78501595499995 ], [ 113.352900286, -7.78497718899996 ], [ 113.352857827, -7.78495134499997 ], [ 113.352747066, -7.78493657699995 ], [ 113.352667688, -7.78493657699995 ], [ 113.352593847, -7.78494026899995 ], [ 113.352525544, -7.78493288499994 ], [ 113.352473856, -7.78491627099994 ], [ 113.352394477, -7.78489227199997 ], [ 113.352307714, -7.78487381199996 ], [ 113.352241258, -7.78487011999994 ], [ 113.352182185, -7.78485719799996 ], [ 113.352178493, -7.78473905299996 ], [ 113.352208029, -7.78415201899998 ], [ 113.352211452, -7.78357020899995 ], [ 113.352308881, -7.78355824399997 ], [ 113.35231652, -7.78355861699994 ], [ 113.35265373, -7.78360459999994 ], [ 113.35328, -7.78369 ], [ 113.35428, -7.78392 ], [ 113.354541035, -7.78397382199997 ], [ 113.35456447, -7.78406756399994 ], [ 113.35454601, -7.78411556099998 ], [ 113.35451832, -7.78417647899995 ], [ 113.354516474, -7.78425031999996 ], [ 113.35451832, -7.78429646999996 ], [ 113.354540472, -7.78434446699993 ], [ 113.354582931, -7.78437400299993 ] ] ] ] } },
{ "type": "Feature", "properties": { "fid": 13098, "kk": null, "gid": 2223008, "bstt": null, "luas": 0.469559125231157, "bsbtt": null, "idsls": "35131900070012", "kdkab": "13", "kdkec": "190", "kdsls": "0012", "nmkab": "PROBOLINGGO", "nmkec": "GENDING", "nmsls": "RT 12 RW 05 DUSUN ROWOJATI KIDUL", "bstt_k": null, "kddesa": "007", "kdprov": "35", "khusus": null, "muatan": null, "nmdesa": "JATIADI", "nmprov": "JAWA TIMUR", "posisi": null, "rw_dki": null, "segmen": null, "kdsubsls": "00", "sumber": null, "dom_sls": null, "periode": "2024_1", "tingkat": null, "idsubsls": "3513190007001200", "nm_gedung": null, "wil_campur": null, "is_konsent": null, "BTT": null, "BKU": null, "TOTAL_MUAT": null, "layer": null, "path": null, "type_layou": "1", "num_zoom": null }, "geometry": { "type": "MultiPolygon", "coordinates": [ [ [ [ 113.345366459, -7.79214365899998 ], [ 113.345336922, -7.79240948499997 ], [ 113.345292618, -7.79264577499993 ], [ 113.345174473, -7.79287468199995 ], [ 113.34504156, -7.79315527599994 ], [ 113.344923415, -7.79340633499995 ], [ 113.344916031, -7.79352817199998 ], [ 113.344952951, -7.79365739299993 ], [ 113.344989839, -7.79374170799997 ], [ 113.345004639, -7.79377553799998 ], [ 113.345052636, -7.79390845099994 ], [ 113.345108016, -7.79400813599994 ], [ 113.345104324, -7.79416320199995 ], [ 113.34507848, -7.79428503899995 ], [ 113.345063712, -7.79437733999993 ], [ 113.345170781, -7.79451025299995 ], [ 113.345174473, -7.79460255399993 ], [ 113.345093248, -7.79473915899996 ], [ 113.345048944, -7.79484622799994 ], [ 113.345008331, -7.79503082999997 ], [ 113.345030484, -7.79522281499994 ], [ 113.345244622, -7.79550340999998 ], [ 113.34551414, -7.79576185199995 ], [ 113.34555106, -7.79603506299998 ], [ 113.345624901, -7.79628612099998 ], [ 113.345728278, -7.79664055699993 ], [ 113.345735662, -7.79694330399997 ], [ 113.345706126, -7.79735681099995 ], [ 113.345647053, -7.79769647899997 ], [ 113.345720894, -7.79811736999994 ], [ 113.345802119, -7.79830935599995 ], [ 113.345920264, -7.79853826199997 ], [ 113.346038409, -7.79871547999994 ], [ 113.346178706, -7.79889269799997 ], [ 113.346282083, -7.79898869099998 ], [ 113.346451917, -7.79922498099996 ], [ 113.346592214, -7.79934312599994 ], [ 113.346666055, -7.79943911899994 ], [ 113.346695591, -7.79954249599997 ], [ 113.346695591, -7.799564984 ], [ 113.346695591, -7.79963848899996 ], [ 113.346614366, -7.79971232899993 ], [ 113.346499913, -7.79968279299993 ], [ 113.346300543, -7.79957203199995 ], [ 113.345923956, -7.79941696699996 ], [ 113.345768891, -7.79936527799993 ], [ 113.345521524, -7.79928036099996 ], [ 113.345292618, -7.79922498099996 ], [ 113.345126477, -7.79916959999997 ], [ 113.344971411, -7.79914375599998 ], [ 113.344827422, -7.79912160399994 ], [ 113.344849574, -7.79927297699995 ], [ 113.344938183, -7.79945019499996 ], [ 113.345104324, -7.79992277499997 ], [ 113.345222469, -7.80019229399994 ], [ 113.345347999, -7.80056888099995 ], [ 113.345480912, -7.80081993999994 ], [ 113.345543676, -7.80100084899994 ], [ 113.345584289, -7.80110422599995 ], [ 113.345528908, -7.80117437499998 ], [ 113.345499372, -7.80125190799993 ], [ 113.345480912, -7.80137374499998 ], [ 113.34549568, -7.80145127799994 ], [ 113.345510448, -7.80153619399993 ], [ 113.345539984, -7.801646955 ], [ 113.345558445, -7.80173925599998 ], [ 113.345547368, -7.80185740099995 ], [ 113.34551414, -7.80197185399993 ], [ 113.345491988, -7.80207892299995 ], [ 113.34545876, -7.80218599199998 ], [ 113.345447684, -7.80225614099994 ], [ 113.345473528, -7.80235213399994 ], [ 113.345510448, -7.80237428599998 ], [ 113.345543676, -7.80242597499995 ], [ 113.345547368, -7.80249243099996 ], [ 113.34551414, -7.80259949999994 ], [ 113.345469836, -7.80273610599994 ], [ 113.345447684, -7.80287271099997 ], [ 113.345444777, -7.80292211999995 ], [ 113.345336331, -7.80287186499992 ], [ 113.345294254, -7.80286170899996 ], [ 113.345233314, -7.80285155199995 ], [ 113.345150609, -7.80284719899992 ], [ 113.345099826, -7.80283994399997 ], [ 113.345021475, -7.80282688599993 ], [ 113.344961986, -7.80281817999998 ], [ 113.344895242, -7.80280947399996 ], [ 113.344843008, -7.80280512099995 ], [ 113.344742892, -7.80278045499995 ], [ 113.344667442, -7.80277610199994 ], [ 113.344641325, -7.80277900399996 ], [ 113.344616659, -7.80280367099996 ], [ 113.344607953, -7.80284429699998 ], [ 113.344594895, -7.80288637499995 ], [ 113.344545562, -7.80291249199997 ], [ 113.34449623, -7.80291249199997 ], [ 113.344430937, -7.80289072799997 ], [ 113.344371448, -7.80287766899995 ], [ 113.344351866, -7.802866034 ], [ 113.344271332, -7.80281817999998 ], [ 113.34417557, -7.80275723999995 ], [ 113.344085611, -7.80269049599998 ], [ 113.344050788, -7.80262085099997 ], [ 113.344013063, -7.80258022399994 ], [ 113.343952123, -7.80252508799993 ], [ 113.3439173, -7.80246995199997 ], [ 113.343899889, -7.80239740399998 ], [ 113.343896987, -7.80232485599994 ], [ 113.343899889, -7.80228422999994 ], [ 113.343879575, -7.80207529299997 ], [ 113.343812832, -7.80194760899996 ], [ 113.343807028, -7.80188376699994 ], [ 113.343751892, -7.80182282699997 ], [ 113.343702559, -7.80178800399995 ], [ 113.343644521, -7.80175898499994 ], [ 113.343483466, -7.80166902599998 ], [ 113.343386252, -7.80159502799996 ], [ 113.343318057, -7.80155149899998 ], [ 113.343223745, -7.80150216699997 ], [ 113.343183118, -7.80146153999993 ], [ 113.343172962, -7.80141801099996 ], [ 113.343182251, -7.80139430699995 ], [ 113.343215039, -7.80131064099993 ], [ 113.343235353, -7.801258407 ], [ 113.343252764, -7.80121777999995 ], [ 113.343336919, -7.80113652699993 ], [ 113.34342978, -7.80101174499993 ], [ 113.343450094, -7.80090437399997 ], [ 113.343441388, -7.80081441499993 ], [ 113.343421075, -7.80074186799994 ], [ 113.34338335, -7.80064610499994 ], [ 113.343400761, -7.80048069599997 ], [ 113.343339821, -7.80036171799998 ], [ 113.343264372, -7.80027175899994 ], [ 113.343177315, -7.80019340799993 ], [ 113.343101865, -7.80010635099996 ], [ 113.343133786, -7.79987709999994 ], [ 113.343098963, -7.79973780899996 ], [ 113.343081552, -7.79960432099995 ], [ 113.343081552, -7.79949114699997 ], [ 113.343061239, -7.79939248299996 ], [ 113.342997397, -7.79917193799998 ], [ 113.342950966, -7.79906456699997 ], [ 113.342950235, -7.79906365299996 ], [ 113.342944446, -7.79906448 ], [ 113.34284639, -7.799037738 ], [ 113.342768391, -7.799037738 ], [ 113.342730506, -7.79905333699998 ], [ 113.342701535, -7.79905779399997 ], [ 113.342619079, -7.79904442299994 ], [ 113.342590108, -7.79903327999994 ], [ 113.342567822, -7.79903996599997 ], [ 113.342505783, -7.79906123699994 ], [ 113.342489823, -7.79906670899993 ], [ 113.342420738, -7.79903550899997 ], [ 113.342393996, -7.79898648099993 ], [ 113.342376167, -7.79886168299993 ], [ 113.34235611, -7.79877699799994 ], [ 113.342351653, -7.79874134099992 ], [ 113.342346364, -7.79872591499998 ], [ 113.342289332, -7.79870473099992 ], [ 113.34211812, -7.79863218399993 ], [ 113.342039768, -7.79864669299997 ], [ 113.341854046, -7.79865830099993 ], [ 113.341825027, -7.79862057599997 ], [ 113.341778597, -7.798577048 ], [ 113.341662521, -7.79849869599997 ], [ 113.341598679, -7.79848708799994 ], [ 113.3415635, -7.79847749399996 ], [ 113.341502916, -7.79846097099994 ], [ 113.341453584, -7.79842324699997 ], [ 113.341299783, -7.79812434999997 ], [ 113.34118951, -7.79802278399995 ], [ 113.341108257, -7.79792992299998 ], [ 113.341090846, -7.79788639399994 ], [ 113.341073434, -7.79784286599994 ], [ 113.341061827, -7.79768035899997 ], [ 113.341027004, -7.79756428299993 ], [ 113.340986377, -7.79751495099994 ], [ 113.340942849, -7.79746561799994 ], [ 113.340884811, -7.79738726699998 ], [ 113.340823871, -7.79730601399996 ], [ 113.340762931, -7.79722185799994 ], [ 113.340713598, -7.79714640899994 ], [ 113.340681677, -7.79709417499993 ], [ 113.340632345, -7.79702162699993 ], [ 113.340617835, -7.796981 ], [ 113.340603326, -7.79693456999997 ], [ 113.34062509, -7.79684896399993 ], [ 113.340630894, -7.79680833699996 ], [ 113.340654109, -7.79677206299995 ], [ 113.340683128, -7.79675610299995 ], [ 113.340713598, -7.79674014199998 ], [ 113.34073101, -7.79673143699996 ], [ 113.340760029, -7.79671257399997 ], [ 113.340797753, -7.79668935899997 ], [ 113.34080791, -7.79666469299997 ], [ 113.340809361, -7.79662551699994 ], [ 113.340799204, -7.79656892999998 ], [ 113.340774538, -7.79654716599993 ], [ 113.340736813, -7.79649493099994 ], [ 113.340715049, -7.79643689299996 ], [ 113.340697638, -7.79638175699997 ], [ 113.34070054, -7.79636144399998 ], [ 113.340722304, -7.79636144399998 ], [ 113.340749872, -7.79636289499996 ], [ 113.340783244, -7.79636869899997 ], [ 113.340818067, -7.79636869899997 ], [ 113.340844184, -7.79632662099993 ], [ 113.340871752, -7.79627873999994 ], [ 113.340890614, -7.79622360299994 ], [ 113.340887712, -7.796146703 ], [ 113.34089932, -7.79604513599998 ], [ 113.340906575, -7.79596098099995 ], [ 113.340903673, -7.79593051099994 ], [ 113.340894967, -7.79590729599995 ], [ 113.340877556, -7.79588988399996 ], [ 113.340839831, -7.79588553199994 ], [ 113.340794852, -7.79587972799994 ], [ 113.340771636, -7.79586231599995 ], [ 113.340749872, -7.79581733699996 ], [ 113.340741166, -7.79578251399995 ], [ 113.340729559, -7.79573608399995 ], [ 113.340728108, -7.79571286799997 ], [ 113.340744068, -7.79568239799996 ], [ 113.340806459, -7.79562290899998 ], [ 113.340818067, -7.79558808599996 ], [ 113.340805008, -7.79555616599993 ], [ 113.340775989, -7.79555036199997 ], [ 113.340733912, -7.79555036199997 ], [ 113.340706343, -7.79552859699994 ], [ 113.340690383, -7.79550393099993 ], [ 113.340683128, -7.79546185399994 ], [ 113.340684579, -7.79542122699996 ], [ 113.340693285, -7.79538930599996 ], [ 113.340710696, -7.79535738499995 ], [ 113.340732461, -7.79533416999995 ], [ 113.340775989, -7.79529644499997 ], [ 113.340800655, -7.79523695599995 ], [ 113.340815165, -7.79518472199995 ], [ 113.340825322, -7.79517746699998 ], [ 113.340854341, -7.79517456499997 ], [ 113.340879007, -7.79517746699998 ], [ 113.340912379, -7.79517021199996 ], [ 113.340948652, -7.79514989899997 ], [ 113.340955907, -7.79512668399998 ], [ 113.340951554, -7.79509621399996 ], [ 113.340948652, -7.795055587 ], [ 113.340945751, -7.79502076399996 ], [ 113.340955907, -7.79498304 ], [ 113.34097477, -7.79494531499994 ], [ 113.341015396, -7.79489888399996 ], [ 113.341056023, -7.79490468799998 ], [ 113.341089395, -7.79491339399994 ], [ 113.341119865, -7.79491484499994 ], [ 113.341131472, -7.79491194299994 ], [ 113.341164844, -7.79489162999995 ], [ 113.341182256, -7.79483359099995 ], [ 113.341169197, -7.79480167099996 ], [ 113.341154688, -7.79475523999997 ], [ 113.341156139, -7.79470300599996 ], [ 113.341175001, -7.79465512399997 ], [ 113.341180805, -7.79462175199996 ], [ 113.341177903, -7.79454340099996 ], [ 113.34121998, -7.79452453899995 ], [ 113.341292528, -7.79452453899995 ], [ 113.341324449, -7.79451728399995 ], [ 113.341383938, -7.79449406899994 ], [ 113.341410055, -7.79446940299994 ], [ 113.341431819, -7.79444183399994 ], [ 113.341430369, -7.79439395299995 ], [ 113.34143327, -7.79436638499995 ], [ 113.34144778, -7.79433156199997 ], [ 113.341484054, -7.79428368099998 ], [ 113.341514524, -7.79425756399998 ], [ 113.341527582, -7.79424305399994 ], [ 113.341536288, -7.79417050599994 ], [ 113.341543543, -7.79414003599993 ], [ 113.341559503, -7.79409940999995 ], [ 113.341584169, -7.79406458699998 ], [ 113.341613188, -7.79403701900001 ], [ 113.341655266, -7.794008 ], [ 113.341729265, -7.79398623599997 ], [ 113.341764087, -7.79396592199993 ], [ 113.341806165, -7.79389917799996 ], [ 113.341803263, -7.79384984599996 ], [ 113.341780048, -7.793765691 ], [ 113.341751029, -7.79371055499997 ], [ 113.341739421, -7.793617694 ], [ 113.341745225, -7.79353063699997 ], [ 113.341814871, -7.79345808899995 ], [ 113.341893222, -7.79341165899997 ], [ 113.341986083, -7.79335071899993 ], [ 113.342032514, -7.79328107299995 ], [ 113.342081846, -7.79326656299998 ], [ 113.342102159, -7.79310986099994 ], [ 113.342113767, -7.79302280299994 ], [ 113.342122473, -7.79298507899995 ], [ 113.342100860014668, -7.792938390821724 ], [ 113.342070900217351, -7.792782599875653 ], [ 113.34211733790319, -7.792679238574894 ], [ 113.342175759507967, -7.792577375264001 ], [ 113.34227013286953, -7.792503973760564 ], [ 113.342398959998008, -7.792445552155787 ], [ 113.34228, -7.79211 ], [ 113.34207, -7.79161 ], [ 113.34198, -7.79135 ], [ 113.34193309, -7.79119363999996 ], [ 113.34192, -7.79115 ], [ 113.341915075, -7.79113456999996 ], [ 113.342060242, -7.79116157799997 ], [ 113.34227438, -7.79120588199994 ], [ 113.342702656, -7.79129079899998 ], [ 113.34334507, -7.79146432399996 ], [ 113.344268078, -7.79167476999992 ], [ 113.344718507, -7.79178922299996 ], [ 113.344928953, -7.79183721999994 ], [ 113.345132015, -7.79186306399992 ], [ 113.345255698, -7.79185383399995 ], [ 113.345395995, -7.79182798999996 ], [ 113.345464298, -7.79180952999998 ], [ 113.345514197, -7.79177739099993 ], [ 113.345366459, -7.79214365899998 ] ] ] ] } },
{ "type": "Feature", "properties": { "fid": 13099, "kk": null, "gid": 2223473, "bstt": null, "luas": 0.081003831346146998, "bsbtt": null, "idsls": "35131900070020", "kdkab": "13", "kdkec": "190", "kdsls": "0020", "nmkab": "PROBOLINGGO", "nmkec": "GENDING", "nmsls": "RT 20 RW 09 DUSUN KRANDON WETAN", "bstt_k": null, "kddesa": "007", "kdprov": "35", "khusus": null, "muatan": null, "nmdesa": "JATIADI", "nmprov": "JAWA TIMUR", "posisi": null, "rw_dki": null, "segmen": null, "kdsubsls": "00", "sumber": null, "dom_sls": null, "periode": "2024_1", "tingkat": null, "idsubsls": "3513190007002000", "nm_gedung": null, "wil_campur": null, "is_konsent": null, "BTT": null, "BKU": null, "TOTAL_MUAT": null, "layer": null, "path": null, "type_layou": "1", "num_zoom": null }, "geometry": { "type": "MultiPolygon", "coordinates": [ [ [ [ 113.356771916, -7.78858553999994 ], [ 113.356813842, -7.78863230299993 ], [ 113.356859993, -7.78870799 ], [ 113.356911681, -7.78880213699995 ], [ 113.3569726, -7.78892581999997 ], [ 113.356994752, -7.78907719299996 ], [ 113.357029826, -7.78922118299994 ], [ 113.357048287, -7.78934301999994 ], [ 113.357075977, -7.78955346599998 ], [ 113.357112897, -7.78972145299997 ], [ 113.357125819, -7.78980452399997 ], [ 113.356922757, -7.78988944099995 ], [ 113.356793536, -7.78990790099993 ], [ 113.356716003, -7.78985990499997 ], [ 113.356671699, -7.78982298399995 ], [ 113.356620011, -7.78977867999993 ], [ 113.356487097, -7.789745452 ], [ 113.356409565, -7.78979713999998 ], [ 113.356402181, -7.78988944099995 ], [ 113.356387412, -7.78994482099995 ], [ 113.35636526, -7.78995959 ], [ 113.356324648, -7.78997066599993 ], [ 113.356239731, -7.79004450599996 ], [ 113.356206503, -7.79007404299996 ], [ 113.356173274, -7.79009988699995 ], [ 113.356117894, -7.79009988699995 ], [ 113.356051437, -7.79011834699998 ], [ 113.355992365, -7.79019957199995 ], [ 113.356019175, -7.79030011199997 ], [ 113.355859451, -7.79031125599994 ], [ 113.355578857, -7.79032602399997 ], [ 113.355143197, -7.79039248099998 ], [ 113.354989977, -7.79042755499995 ], [ 113.354873678, -7.79046078299996 ], [ 113.354713075, -7.79049770399996 ], [ 113.354546933, -7.79058446599993 ], [ 113.354482323, -7.79061215699996 ], [ 113.354417712, -7.79063430899995 ], [ 113.354345717, -7.79065092299995 ], [ 113.354258955, -7.79065092299995 ], [ 113.354117734, -7.79066384499993 ], [ 113.354080734, -7.79067736499998 ], [ 113.354081446, -7.79066920499998 ], [ 113.35410112, -7.79044370799994 ], [ 113.354117734, -7.79018895699994 ], [ 113.354115888, -7.78960746199996 ], [ 113.35414727, -7.78907211699993 ], [ 113.354154655, -7.78897981599994 ], [ 113.354163885, -7.78881551999997 ], [ 113.354156501, -7.78869183699994 ], [ 113.354158347, -7.78861615099994 ], [ 113.354180499, -7.78858292199993 ], [ 113.354261724, -7.78855338599993 ], [ 113.354331872, -7.78856076999995 ], [ 113.354407559, -7.78856630799993 ], [ 113.354501706, -7.78858661399994 ], [ 113.354649387, -7.78862168899996 ], [ 113.354674148, -7.78862071099996 ], [ 113.354789684, -7.78861615099994 ], [ 113.355042589, -7.78865860899997 ], [ 113.355142274, -7.78866414699997 ], [ 113.355177348, -7.78865491699998 ], [ 113.355212422, -7.78860691999997 ], [ 113.355264111, -7.78845554699996 ], [ 113.355301031, -7.78839832099993 ], [ 113.355328721, -7.78830232799995 ], [ 113.355356412, -7.78812880199996 ], [ 113.355347182, -7.78794604599995 ], [ 113.355321533, -7.78784948499998 ], [ 113.355350643, -7.78783528499998 ], [ 113.355413408, -7.78779098099995 ], [ 113.35550017, -7.78775405999994 ], [ 113.35565339, -7.78768391199998 ], [ 113.355767843, -7.78763222299995 ], [ 113.355882296, -7.78759530299994 ], [ 113.355946238, -7.78756688399994 ], [ 113.355965367, -7.78755838299998 ], [ 113.356085358, -7.78753253799993 ], [ 113.35631611, -7.78751592399995 ], [ 113.356443485, -7.78751223199992 ], [ 113.356611473, -7.78748823399996 ], [ 113.356877299, -7.78743469999997 ], [ 113.356895103, -7.78742948899998 ], [ 113.356900605, -7.78749331099994 ], [ 113.356939372, -7.78765575999997 ], [ 113.356974446, -7.78775544499996 ], [ 113.35701875, -7.78780713299995 ], [ 113.357070439, -7.78783297799995 ], [ 113.357120281, -7.78791420199998 ], [ 113.357131357, -7.78799542699995 ], [ 113.357146125, -7.78808403599993 ], [ 113.357144279, -7.78812649399993 ], [ 113.357053825, -7.78822802499997 ], [ 113.356837841, -7.78840155099994 ], [ 113.356721541, -7.78844770099994 ], [ 113.356673545, -7.78847908399997 ], [ 113.356697543, -7.78853815599996 ], [ 113.356765846, -7.78857876899997 ], [ 113.356771916, -7.78858553999994 ] ] ] ] } },
{ "type": "Feature", "properties": { "fid": 13100, "kk": null, "gid": 2223475, "bstt": null, "luas": 0.087928732906505006, "bsbtt": null, "idsls": "35131900070018", "kdkab": "13", "kdkec": "190", "kdsls": "0018", "nmkab": "PROBOLINGGO", "nmkec": "GENDING", "nmsls": "RT 18 RW 08 DUSUN KRANDON WETAN", "bstt_k": null, "kddesa": "007", "kdprov": "35", "khusus": null, "muatan": null, "nmdesa": "JATIADI", "nmprov": "JAWA TIMUR", "posisi": null, "rw_dki": null, "segmen": null, "kdsubsls": "00", "sumber": null, "dom_sls": null, "periode": "2024_1", "tingkat": null, "idsubsls": "3513190007001800", "nm_gedung": null, "wil_campur": null, "is_konsent": null, "BTT": null, "BKU": null, "TOTAL_MUAT": null, "layer": null, "path": null, "type_layou": "1", "num_zoom": null }, "geometry": { "type": "MultiPolygon", "coordinates": [ [ [ [ 113.356816439, -7.78476375399993 ], [ 113.35685036, -7.78476833799994 ], [ 113.356980946, -7.784779945 ], [ 113.357018671, -7.78479445499994 ], [ 113.357056396, -7.78482927799996 ], [ 113.357062199, -7.78490472699997 ], [ 113.357062199, -7.78495986299993 ], [ 113.357054311, -7.78500245799996 ], [ 113.357048457, -7.78503407099992 ], [ 113.35704769, -7.78503821499995 ], [ 113.357030278, -7.78516299699993 ], [ 113.357032212, -7.78518233799997 ], [ 113.357036082, -7.78522103499997 ], [ 113.357062199, -7.78532840499998 ], [ 113.357065121, -7.78534638699995 ], [ 113.357143428, -7.78535305099996 ], [ 113.357183512, -7.78540458699996 ], [ 113.357244138, -7.78545308799994 ], [ 113.357244211, -7.78545314699996 ], [ 113.357239147, -7.78547778899997 ], [ 113.357249372, -7.78547930399997 ], [ 113.357305959, -7.78548946099994 ], [ 113.357408977, -7.78550106899997 ], [ 113.357523602, -7.78551267599994 ], [ 113.357680305, -7.78551702899995 ], [ 113.357799283, -7.78553879299994 ], [ 113.357884889, -7.78555185199997 ], [ 113.357955986, -7.78556636099995 ], [ 113.358045945, -7.78557796899997 ], [ 113.358076639, -7.78556820299998 ], [ 113.358080039, -7.78557015899998 ], [ 113.358131551, -7.78558232199993 ], [ 113.358232888, -7.78560799399998 ], [ 113.358240372, -7.78560988999994 ], [ 113.358320175, -7.78560988999994 ], [ 113.358345704, -7.78560988999994 ], [ 113.358396341, -7.78561074099998 ], [ 113.358578903, -7.78561380999998 ], [ 113.358582506, -7.78562774199997 ], [ 113.358630776, -7.78581438599997 ], [ 113.358634459, -7.78584441899995 ], [ 113.358651041, -7.78597962599997 ], [ 113.358653254, -7.78599767199996 ], [ 113.358654506, -7.785999685 ], [ 113.358681785, -7.78615761399993 ], [ 113.358705992, -7.78624061199998 ], [ 113.358726741, -7.78637202399995 ], [ 113.35876824, -7.78662101499997 ], [ 113.35876824, -7.78663925899996 ], [ 113.35876824, -7.78678009299996 ], [ 113.358769819, -7.78681892499998 ], [ 113.358781577, -7.78688092399995 ], [ 113.358793185, -7.78707535099995 ], [ 113.358796087, -7.78728718999997 ], [ 113.358784479, -7.78734522799993 ], [ 113.35876997, -7.78739746299995 ], [ 113.358740951, -7.78746710799993 ], [ 113.358708424, -7.78754842599994 ], [ 113.35869452, -7.78758318499998 ], [ 113.358680011, -7.78765863399997 ], [ 113.358673661, -7.78772593799994 ], [ 113.358647202, -7.78787807799996 ], [ 113.358651477, -7.78795501999997 ], [ 113.35864809, -7.78798945099993 ], [ 113.358645188, -7.78809391999994 ], [ 113.358643828, -7.78810615899995 ], [ 113.358555329, -7.78812141799995 ], [ 113.358433492, -7.78812141799995 ], [ 113.358293194, -7.78811403399994 ], [ 113.358108593, -7.78808818999993 ], [ 113.357971987, -7.78809188199996 ], [ 113.357923991, -7.78809557399996 ], [ 113.357842766, -7.78813618599998 ], [ 113.35781323, -7.78819156699997 ], [ 113.357787386, -7.78825802299998 ], [ 113.357761541, -7.78833186399994 ], [ 113.357728313, -7.78840939699996 ], [ 113.357720929, -7.78847216099996 ], [ 113.357680317, -7.78852754199995 ], [ 113.3575954, -7.78856076999995 ], [ 113.357466179, -7.78856446199996 ], [ 113.357351726, -7.78856076999995 ], [ 113.357222504, -7.78856815399998 ], [ 113.357089591, -7.78856815399998 ], [ 113.357008366, -7.78856446199996 ], [ 113.356890221, -7.78856815399998 ], [ 113.35679792, -7.788575538 ], [ 113.356771916, -7.78858553999994 ], [ 113.356765846, -7.78857876899997 ], [ 113.356697543, -7.78853815599996 ], [ 113.356673545, -7.78847908399997 ], [ 113.356721541, -7.78844770099994 ], [ 113.356837841, -7.78840155099994 ], [ 113.357053825, -7.78822802499997 ], [ 113.357144279, -7.78812649399993 ], [ 113.357146125, -7.78808403599993 ], [ 113.357131357, -7.78799542699995 ], [ 113.357120281, -7.78791420199998 ], [ 113.357070439, -7.78783297799995 ], [ 113.35701875, -7.78780713299995 ], [ 113.356974446, -7.78775544499996 ], [ 113.356939372, -7.78765575999997 ], [ 113.356900605, -7.78749331099994 ], [ 113.356895103, -7.78742948899998 ], [ 113.356891375, -7.78738624199996 ], [ 113.356859993, -7.78724594399995 ], [ 113.356858147, -7.78710195499998 ], [ 113.35682861, -7.78692842899995 ], [ 113.356821226, -7.78665152699995 ], [ 113.356780614, -7.78630632099994 ], [ 113.356780614, -7.78624171099994 ], [ 113.356666161, -7.78619002199998 ], [ 113.356433563, -7.78619186799995 ], [ 113.35611051, -7.78622509699994 ], [ 113.355933292, -7.78622325099996 ], [ 113.355912986, -7.78614571799994 ], [ 113.355881604, -7.78602203499998 ], [ 113.355855759, -7.78592788799995 ], [ 113.355798533, -7.78587435299994 ], [ 113.355744998, -7.78583558699995 ], [ 113.355719154, -7.78574697799998 ], [ 113.355669312, -7.78556053099993 ], [ 113.355613931, -7.78541469499993 ], [ 113.355562243, -7.78531131799997 ], [ 113.355464404, -7.78499564899994 ], [ 113.355394255, -7.78479074099994 ], [ 113.355352126, -7.78466597499995 ], [ 113.355500975, -7.78467837899996 ], [ 113.355878223, -7.78471610399994 ], [ 113.356400565, -7.78474802399997 ], [ 113.356643327, -7.784752139 ], [ 113.35674299, -7.78475382799996 ], [ 113.356816439, -7.78476375399993 ] ] ] ] } },
{ "type": "Feature", "properties": { "fid": 13101, "kk": null, "gid": 2223932, "bstt": null, "luas": 0.044101607985733003, "bsbtt": null, "idsls": "35131900070008", "kdkab": "13", "kdkec": "190", "kdsls": "0008", "nmkab": "PROBOLINGGO", "nmkec": "GENDING", "nmsls": "RT 08 RW 03 DUSUN ADIBAYO", "bstt_k": null, "kddesa": "007", "kdprov": "35", "khusus": null, "muatan": null, "nmdesa": "JATIADI", "nmprov": "JAWA TIMUR", "posisi": null, "rw_dki": null, "segmen": null, "kdsubsls": "00", "sumber": null, "dom_sls": null, "periode": "2024_1", "tingkat": null, "idsubsls": "3513190007000800", "nm_gedung": null, "wil_campur": null, "is_konsent": null, "BTT": null, "BKU": null, "TOTAL_MUAT": null, "layer": null, "path": null, "type_layou": "1", "num_zoom": null }, "geometry": { "type": "MultiPolygon", "coordinates": [ [ [ [ 113.357836712, -7.79486527699993 ], [ 113.357852968, -7.79489598199997 ], [ 113.357861831, -7.79495137599997 ], [ 113.35771, -7.79539 ], [ 113.35754, -7.79584 ], [ 113.357540833, -7.79584234899995 ], [ 113.357476332, -7.795873537 ], [ 113.357381262, -7.79588461299995 ], [ 113.357259425, -7.79588738199993 ], [ 113.357172662, -7.79588922799996 ], [ 113.357070208, -7.79589661199998 ], [ 113.357000982, -7.79590030399994 ], [ 113.356934866, -7.795901859 ], [ 113.356922527, -7.79590214999996 ], [ 113.356891144, -7.79587815199994 ], [ 113.356841302, -7.79585599899997 ], [ 113.356752693, -7.79584492299995 ], [ 113.356623472, -7.79585230699996 ], [ 113.356523787, -7.79585230699996 ], [ 113.356270883, -7.79581907899996 ], [ 113.35598475, -7.79579508099994 ], [ 113.355556474, -7.79573600799994 ], [ 113.355139274, -7.79567139799998 ], [ 113.35488637, -7.79564370699995 ], [ 113.354432249, -7.79557355899994 ], [ 113.35389875, -7.79550894799997 ], [ 113.353348637, -7.79542403099992 ], [ 113.353267863, -7.79541212199996 ], [ 113.353252548, -7.79540986399997 ], [ 113.35325749, -7.79510674699998 ], [ 113.353279642, -7.79495168199998 ], [ 113.353397707, -7.79478144899997 ], [ 113.353893443, -7.79476707999993 ], [ 113.354281107, -7.79482615299997 ], [ 113.354797992, -7.79487414899996 ], [ 113.355506862, -7.79491476099997 ], [ 113.355905602, -7.79496275799995 ], [ 113.35637449, -7.79500336999997 ], [ 113.356913527, -7.79499229399994 ], [ 113.357286423, -7.79501444599993 ], [ 113.357452564, -7.79499229399994 ], [ 113.357733159, -7.79491845299998 ], [ 113.357836712, -7.79486527699993 ] ] ] ] } },
{ "type": "Feature", "properties": { "fid": 13102, "kk": null, "gid": 2224064, "bstt": null, "luas": 0.16000513201327901, "bsbtt": null, "idsls": "35131900070006", "kdkab": "13", "kdkec": "190", "kdsls": "0006", "nmkab": "PROBOLINGGO", "nmkec": "GENDING", "nmsls": "RT 06 RW 02 DUSUN KRAJAN", "bstt_k": null, "kddesa": "007", "kdprov": "35", "khusus": null, "muatan": null, "nmdesa": "JATIADI", "nmprov": "JAWA TIMUR", "posisi": null, "rw_dki": null, "segmen": null, "kdsubsls": "00", "sumber": null, "dom_sls": null, "periode": "2024_1", "tingkat": null, "idsubsls": "3513190007000600", "nm_gedung": null, "wil_campur": null, "is_konsent": null, "BTT": null, "BKU": null, "TOTAL_MUAT": null, "layer": null, "path": null, "type_layou": "1", "num_zoom": null }, "geometry": { "type": "MultiPolygon", "coordinates": [ [ [ [ 113.348749516, -7.79514735999995 ], [ 113.348832587, -7.79515843599997 ], [ 113.348878737, -7.79515289799997 ], [ 113.34891935, -7.79510859299995 ], [ 113.349019035, -7.79511043899993 ], [ 113.349113181, -7.79513812899996 ], [ 113.349403006, -7.79518427999996 ], [ 113.350093417, -7.79527288899994 ], [ 113.351027501, -7.79539472599993 ], [ 113.351647763, -7.79548333499998 ], [ 113.352090807, -7.79552763899995 ], [ 113.352770142, -7.79561624799993 ], [ 113.35324884, -7.79568115599994 ], [ 113.353246414, -7.79571547099994 ], [ 113.353242722, -7.79640588199994 ], [ 113.35323903, -7.79764640499997 ], [ 113.353215646, -7.79820761899998 ], [ 113.353211111, -7.79831646299994 ], [ 113.352501857, -7.79815046799996 ], [ 113.351753166, -7.79801697999995 ], [ 113.351364311, -7.79796474599994 ], [ 113.350644639, -7.79794443199995 ], [ 113.349932651, -7.79790160599995 ], [ 113.349872732, -7.79789800199997 ], [ 113.349303959, -7.79787768899996 ], [ 113.348944123, -7.79787188499995 ], [ 113.348804832, -7.79789219799995 ], [ 113.3487453, -7.79790513999996 ], [ 113.348738088, -7.797906708 ], [ 113.348720628, -7.79792416799995 ], [ 113.348619141, -7.79751187699998 ], [ 113.348497304, -7.79715374899996 ], [ 113.348345931, -7.79677716199997 ], [ 113.348242554, -7.79635626999994 ], [ 113.348187173, -7.79606829099992 ], [ 113.348216709, -7.79563632299994 ], [ 113.348297934, -7.79520066299996 ], [ 113.34832747, -7.79506774999993 ], [ 113.34833203, -7.79503151499995 ], [ 113.348351699, -7.79503198299995 ], [ 113.348396004, -7.79504121399998 ], [ 113.348455999, -7.79506059699997 ], [ 113.34852984, -7.79507997999997 ], [ 113.348563991, -7.79508828699994 ], [ 113.348581529, -7.79511043899993 ], [ 113.348616603, -7.79512059199993 ], [ 113.34866183, -7.79512797599995 ], [ 113.348684905, -7.79513166799995 ], [ 113.348749516, -7.79514735999995 ] ] ] ] } },
{ "type": "Feature", "properties": { "fid": 13103, "kk": null, "gid": 2224633, "bstt": null, "luas": 0.21487745574606701, "bsbtt": null, "idsls": "35131900070025", "kdkab": "13", "kdkec": "190", "kdsls": "0025", "nmkab": "PROBOLINGGO", "nmkec": "GENDING", "nmsls": "RT 25 RW 11 DUSUN KRANDON KULON", "bstt_k": null, "kddesa": "007", "kdprov": "35", "khusus": null, "muatan": null, "nmdesa": "JATIADI", "nmprov": "JAWA TIMUR", "posisi": null, "rw_dki": null, "segmen": null, "kdsubsls": "00", "sumber": null, "dom_sls": null, "periode": "2024_1", "tingkat": null, "idsubsls": "3513190007002500", "nm_gedung": null, "wil_campur": null, "is_konsent": null, "BTT": null, "BKU": null, "TOTAL_MUAT": null, "layer": null, "path": null, "type_layou": "1", "num_zoom": null }, "geometry": { "type": "MultiPolygon", "coordinates": [ [ [ [ 113.352412477, -7.79074869799996 ], [ 113.3523954, -7.79075753099994 ], [ 113.352299407, -7.79084983099994 ], [ 113.352192338, -7.79093843999994 ], [ 113.352107421, -7.79100489699994 ], [ 113.352026197, -7.79108981399998 ], [ 113.351944972, -7.79114888599998 ], [ 113.35174191, -7.79127441499997 ], [ 113.351612689, -7.79132979599995 ], [ 113.351501928, -7.791366716 ], [ 113.351417011, -7.79138886799997 ], [ 113.351276714, -7.79142209699996 ], [ 113.351073652, -7.79144424899994 ], [ 113.350892742, -7.79140363699998 ], [ 113.350796749, -7.791311336 ], [ 113.350721062, -7.79129656799995 ], [ 113.350639838, -7.79127256899994 ], [ 113.350562305, -7.79114334799995 ], [ 113.350561755, -7.79113523899997 ], [ 113.350477388, -7.79114888599998 ], [ 113.350427546, -7.79116734599996 ], [ 113.350392471, -7.79117842199998 ], [ 113.350311247, -7.79119688299994 ], [ 113.350239252, -7.79123011099995 ], [ 113.350183871, -7.79126703099996 ], [ 113.350132183, -7.791287337 ], [ 113.350058342, -7.79131318199995 ], [ 113.349986348, -7.791340872 ], [ 113.349943889, -7.791353794 ], [ 113.349853434, -7.791353794 ], [ 113.349759288, -7.79130395199996 ], [ 113.349707599, -7.79126149299998 ], [ 113.349654065, -7.79122088099996 ], [ 113.349604222, -7.79116919199993 ], [ 113.349558072, -7.79108981399998 ], [ 113.349498999, -7.79097905299997 ], [ 113.349451003, -7.79092920999995 ], [ 113.349379008, -7.79089967399995 ], [ 113.349277477, -7.79075199199998 ], [ 113.349273785, -7.79069845799995 ], [ 113.349277477, -7.79062461699994 ], [ 113.349279323, -7.79053416199997 ], [ 113.349297783, -7.79046955199993 ], [ 113.349292245, -7.79041970899994 ], [ 113.349247941, -7.79038094299995 ], [ 113.349185176, -7.79035694499993 ], [ 113.349135334, -7.79034771499994 ], [ 113.349076261, -7.79027018199997 ], [ 113.349067031, -7.79022403199997 ], [ 113.349048571, -7.79016680499996 ], [ 113.349026419, -7.79007819599997 ], [ 113.349011651, -7.79000066299996 ], [ 113.348985806, -7.78994343699997 ], [ 113.348958116, -7.78987513399994 ], [ 113.348904582, -7.78986405799998 ], [ 113.348871353, -7.78985851999994 ], [ 113.348818923, -7.78985252799993 ], [ 113.348810435, -7.78985851999994 ], [ 113.348799359, -7.78986590399996 ], [ 113.348732902, -7.78988067200001 ], [ 113.348664599, -7.78989174799995 ], [ 113.348563068, -7.78988805599994 ], [ 113.348496612, -7.78987697999998 ], [ 113.348450461, -7.78977544899994 ], [ 113.348450461, -7.78972745299996 ], [ 113.348450461, -7.78966284199993 ], [ 113.348468921, -7.78957792599994 ], [ 113.348479998, -7.78946531799995 ], [ 113.348487382, -7.78933055899995 ], [ 113.348494766, -7.78918287799997 ], [ 113.348494766, -7.78913488099994 ], [ 113.348467075, -7.78908688499996 ], [ 113.348408003, -7.78908319299996 ], [ 113.348326778, -7.78909611499995 ], [ 113.348251091, -7.78910903699995 ], [ 113.348206787, -7.78914041899997 ], [ 113.348162483, -7.78919026199998 ], [ 113.34807572, -7.78921979799998 ], [ 113.348031415, -7.78921241399997 ], [ 113.347952037, -7.78919949199997 ], [ 113.347880042, -7.78916810999994 ], [ 113.347837584, -7.78910349899996 ], [ 113.347815431, -7.78902227399994 ], [ 113.347822815, -7.78880813599994 ], [ 113.347822815, -7.78874721799998 ], [ 113.347833892, -7.78871214299995 ], [ 113.347859736, -7.78870106699998 ], [ 113.347902194, -7.78869368299997 ], [ 113.347929884, -7.78866599299995 ], [ 113.347929884, -7.788629073 ], [ 113.347883734, -7.78859030599994 ], [ 113.347861582, -7.78857738399995 ], [ 113.347830199, -7.788562616 ], [ 113.347806201, -7.78852754199995 ], [ 113.347793279, -7.78847769899994 ], [ 113.347782203, -7.78840570499995 ], [ 113.347772973, -7.78825248499993 ], [ 113.347795125, -7.78818048999995 ], [ 113.347798817, -7.78814172399996 ], [ 113.347798817, -7.78809188199996 ], [ 113.347793279, -7.78803650099996 ], [ 113.347785895, -7.78799219699994 ], [ 113.347772973, -7.78796081399997 ], [ 113.347767435, -7.78792943199994 ], [ 113.347780357, -7.78787035999995 ], [ 113.347784049, -7.78783343899995 ], [ 113.347767435, -7.78776698299994 ], [ 113.347782203, -7.78772821599996 ], [ 113.347802509, -7.78769129599993 ], [ 113.34780279, -7.78768482699997 ], [ 113.347803675, -7.78768475099998 ], [ 113.347870419, -7.78764702599995 ], [ 113.347928457, -7.78758318499998 ], [ 113.347980691, -7.78750773499998 ], [ 113.348047435, -7.78744679499994 ], [ 113.348102571, -7.78738295299996 ], [ 113.348204138, -7.78735103199995 ], [ 113.348262176, -7.78733362099996 ], [ 113.348459505, -7.78733362099996 ], [ 113.348587189, -7.78726977899993 ], [ 113.348624914, -7.78718272199996 ], [ 113.3486046, -7.78706664599997 ], [ 113.34857268, -7.78700570599995 ], [ 113.348517543, -7.78695347099995 ], [ 113.348468211, -7.78688092399995 ], [ 113.348433388, -7.78683449299996 ], [ 113.3484508, -7.78677645499994 ], [ 113.348505936, -7.78675033799994 ], [ 113.348595895, -7.78673873099998 ], [ 113.348694559, -7.78672422099993 ], [ 113.348764205, -7.78672131899998 ], [ 113.348816439, -7.78671551499997 ], [ 113.348952829, -7.78670971099996 ], [ 113.349112434, -7.78668649599996 ], [ 113.349164668, -7.78664006599997 ], [ 113.349214, -7.78660814499994 ], [ 113.349324273, -7.78658783199995 ], [ 113.349399722, -7.78657912599993 ], [ 113.349428319, -7.78658213599994 ], [ 113.349454858, -7.78658492999994 ], [ 113.349512896, -7.78660814499994 ], [ 113.349597052, -7.78661975199998 ], [ 113.349646384, -7.78661975199998 ], [ 113.349692814, -7.78661104699996 ], [ 113.349745049, -7.78659653699998 ], [ 113.349785675, -7.78656461599996 ], [ 113.349895948, -7.78652689199992 ], [ 113.350032337, -7.78652689199992 ], [ 113.350090375, -7.78653269499995 ], [ 113.350133904, -7.78655591099993 ], [ 113.350171629, -7.78657912599993 ], [ 113.350223863, -7.78661975199998 ], [ 113.350264489, -7.78664587 ], [ 113.350316724, -7.78674743599993 ], [ 113.350366056, -7.78682288599993 ], [ 113.350438604, -7.78688962999997 ], [ 113.350505348, -7.78680547399995 ], [ 113.350551778, -7.78673292699994 ], [ 113.35060111, -7.78661685099998 ], [ 113.350664952, -7.78652108799998 ], [ 113.350757813, -7.78638469799995 ], [ 113.35079844, -7.78633826799995 ], [ 113.35085938, -7.78628313199994 ], [ 113.350929025, -7.78623089699995 ], [ 113.350978358, -7.78617866299995 ], [ 113.351001573, -7.78612062499998 ], [ 113.351018984, -7.78605388099994 ], [ 113.351053807, -7.78594941299998 ], [ 113.351065415, -7.78590007999998 ], [ 113.351024788, -7.78574918099997 ], [ 113.351034945, -7.78571580899995 ], [ 113.351078474, -7.78568824099995 ], [ 113.351130708, -7.785679536 ], [ 113.351220667, -7.78569114299995 ], [ 113.351239154, -7.78566854799994 ], [ 113.35129370976334, -7.785690779778085 ], [ 113.351313918889076, -7.785702327849939 ], [ 113.351355299479891, -7.785707139546544 ], [ 113.351382244980883, -7.785722536975682 ], [ 113.351423625571684, -7.785741783762104 ], [ 113.35145730744793, -7.78578990072816 ], [ 113.351452495751317, -7.785830318979646 ], [ 113.351474629555696, -7.785838980033537 ], [ 113.351505424413972, -7.7858418670515 ], [ 113.35152082184311, -7.785861113837923 ], [ 113.351521784182438, -7.785907306125336 ], [ 113.351522746521752, -7.785940988001575 ], [ 113.35152082184311, -7.785992954324914 ], [ 113.351522746521752, -7.786035297255044 ], [ 113.35152082184311, -7.786118058436659 ], [ 113.351565615, -7.78616233199995 ], [ 113.35158223, -7.78621955899998 ], [ 113.351585922, -7.78627678499994 ], [ 113.351578537, -7.78636354799994 ], [ 113.351561923, -7.78642446699996 ], [ 113.351560077, -7.78648538499993 ], [ 113.351560077, -7.78661460599995 ], [ 113.351550847, -7.78669398499995 ], [ 113.351547155, -7.78676413399996 ], [ 113.351545309, -7.78679182399997 ], [ 113.351536079, -7.78697642599998 ], [ 113.351497313, -7.78735855099997 ], [ 113.351416088, -7.78756161299998 ], [ 113.35140132, -7.78764652999997 ], [ 113.351397628, -7.78779790299996 ], [ 113.351381014, -7.78787358999997 ], [ 113.351371784, -7.78791974099995 ], [ 113.351377322, -7.78797696699997 ], [ 113.35140132, -7.78803419399998 ], [ 113.351445624, -7.78810618799997 ], [ 113.351477007, -7.78814680099993 ], [ 113.351620996, -7.78829632799995 ], [ 113.351687453, -7.78835170899993 ], [ 113.351803752, -7.78836278499995 ], [ 113.35185544, -7.78836278499995 ], [ 113.352014198, -7.78836647699995 ], [ 113.352169263, -7.78837201499995 ], [ 113.352270794, -7.78837755299998 ], [ 113.352357557, -7.78837939899995 ], [ 113.352418475, -7.78837939899995 ], [ 113.352448012, -7.78838309099998 ], [ 113.352475702, -7.78840155099994 ], [ 113.352477548, -7.78846431599995 ], [ 113.352492316, -7.78854738599995 ], [ 113.352473856, -7.78897012399995 ], [ 113.352466472, -7.78917503199995 ], [ 113.352446166, -7.78930609899994 ], [ 113.352457242, -7.78935224999998 ], [ 113.352427705, -7.78982667599996 ], [ 113.352420321, -7.79026048999998 ], [ 113.352414783, -7.79060569599994 ], [ 113.352412477, -7.79074869799996 ] ] ] ] } }
]
}
